"SaO2sup","P_a","HHb_d","HbO2_d","HbT_d","CCO_d","_PCr_d","_P_d","_ATP_d","ignore","ignore"
1.0,49.49987787,0.0,0.0,0.0,0.0,5.85,1.0,3.0,7.03,7.02
1.0,49.4780179667,0.0,0.0,0.0,0.0,5.85,1.0,3.0,7.03,7.02
1.0,49.4561580633,0.0,0.0,0.0,0.0,5.85,1.0,3.0,7.03,7.02
1.0,49.4342981599,0.0,0.0,0.0,0.0,5.85,1.0,3.0,7.03,7.02
1.0,49.4124382565,0.0,0.0,0.0,0.0,5.85,1.0,3.0,7.03,7.02
1.0,49.3905783532,0.0,0.0,0.0,0.0,5.85,1.0,3.0,7.01878472223,7.02
1.0,49.3890083048,0.0,0.0,0.0,0.0,5.85,1.0,3.0,7.01915432099,7.02
1.0,49.388645986,0.0,0.0,0.0,0.0,5.85,1.0,3.0,7.01969290124,7.02
1.0,49.3882836672,0.0,0.0,0.0,0.0,5.85,1.0,3.0,7.02040046297,7.02
1.0,49.3879213483,0.0,0.0,0.0,0.0,5.85,1.0,3.0,7.02143317902,7.02
1.0,49.3875590295,0.0,0.0,0.0,0.0,5.85,1.0,3.0,7.02315308642,7.02
1.0,49.3871967106,0.0,0.0,0.0,0.0,5.85,1.0,3.0,7.02547222223,7.02
1.0,49.3868343918,0.0,0.0,0.0,0.0,5.85,1.0,3.0,7.0283095679,7.02
1.0,49.3864720729,0.0,0.0,0.0,0.0,5.85,1.0,3.0,7.03151080247,7.02
1.0,49.3861097541,0.0,0.0,0.0,0.0,5.85,1.0,3.0,7.03442557319,7.02
1.0,49.3857474352,0.0,-0.0360187353625,-0.172482435595,0.0112358995485,5.85335974945,1.00568849079,3.0,7.03705388007,7.02
1.0,49.3853851164,0.0,-0.042271662763,-0.17817690506,0.0112658755677,5.85129961765,1.00711470588,3.0,7.03939572311,7.02
1.0,49.3850227976,0.0,-0.0490248003357,-0.184371584697,0.0112958515869,5.84898575926,1.00877720737,3.0,7.04145110229,7.02
1.0,49.3846604787,0.0,-0.0562781480809,-0.191066474507,0.0113258276061,5.84641817429,1.01067599525,3.0,7.04322001764,7.02
1.0,49.3842981599,0.0,-0.0640317059983,-0.198261574489,0.0113558036253,5.84359686274,1.01281106952,3.0,7.0445462963,7.02
1.0,49.383935841,0.0,-0.0722854740881,-0.205956884643,0.0113857796444,5.84052182462,1.01518243019,3.0,7.04506790124,7.02
1.0,49.3835735222,0.0,-0.0810394523503,-0.214152404969,0.0114157556636,5.83719305991,1.01779007724,3.0,7.04478483245,7.02
1.0,49.3832112034,0.0,-0.0902936407848,-0.222848135468,0.0114457316828,5.83361056863,1.0206340107,3.0,7.04369708995,7.02
1.0,49.3828488845,0.0,-0.100048039392,-0.23204407614,0.011475707702,5.82977435076,1.02371423054,3.0,7.04207054674,7.02
1.0,49.3824865657,0.0,-0.110302648171,-0.241740226983,0.0115056837212,5.82568440632,1.02703073678,3.0,7.04062907849,7.02
1.0,49.3821242469,0.0,-0.121057467122,-0.251936587999,0.0115356597404,5.82140094071,1.03058352941,3.0,7.03937268519,7.02
1.0,49.381761928,0.0,-0.132312496246,-0.262633159188,0.0115656357595,5.8171926206,1.03437042484,3.0,7.03830136685,7.02
1.0,49.3813996092,0.0,-0.144067735542,-0.273829940548,0.0115956117787,5.813059446,1.03825728758,3.0,7.03741512346,7.02
1.0,49.3810372903,0.0,-0.156323185011,-0.285526932081,0.0116255877979,5.8090014169,1.04224411765,3.0,7.03671395503,7.02
1.0,49.3806749715,0.0,-0.169078844652,-0.297724133787,0.0116555638171,5.8050185333,1.04633091504,3.0,7.03619786156,7.02
1.0,49.3803126527,0.0,-0.182334714465,-0.310421545664,0.0116855398363,5.80111079521,1.05051767974,3.0,7.03586684304,7.02
1.0,49.3799503338,0.0,-0.196090794451,-0.323619167715,0.0117155158555,5.79727820261,1.0547111022,3.0,7.03572089948,7.02
1.0,49.379588015,0.0,-0.210347084609,-0.337316999937,0.0117454918746,5.79352075552,1.05886947118,3.0,7.03576003087,7.02
1.0,49.3792256962,0.0,-0.224632798894,-0.351515042332,0.0117754678938,5.78983845394,1.06299278669,3.0,7.03587268519,7.02
1.0,49.3788633773,0.0,-0.238668107848,-0.365800756618,0.011805443913,5.78623129785,1.06708104872,3.0,7.03598533951,7.02
1.0,49.3785010585,0.0,-0.252203206629,-0.379894313334,0.0118354199322,5.78289669468,1.07113425728,3.0,7.03609799383,7.02
1.0,49.3781387396,0.0,-0.265238095237,-0.393487659879,0.0118653959514,5.77989096359,1.07515241236,3.0,7.03621064815,7.02
1.0,49.3777764208,0.0,-0.277772773674,-0.406580796251,0.0118953719706,5.77721410458,1.07913551397,3.0,7.03632330247,7.02
1.0,49.377414102,0.0,-0.289807241938,-0.41917372245,0.0119253479898,5.77486611765,1.08308356209,3.0,7.03643595679,7.02
1.0,49.3770517831,0.0,-0.301341500029,-0.431266438478,0.0119553240089,5.7728470028,1.08699655675,3.0,7.03653842593,7.02
1.0,49.3766894643,0.0,-0.312375547949,-0.442858944333,0.0119853000281,5.77115676004,1.09087449792,3.0,7.03657893519,7.02
1.0,49.3763271454,0.0,-0.322909385696,-0.453951240015,0.0120152760473,5.76979538936,1.09471738562,3.0,7.03655748457,7.02
1.0,49.3759648266,0.0,-0.33294301327,-0.464543325526,0.0120452520665,5.76876289076,1.09852521985,3.0,7.03647407408,7.02
1.0,49.3756025078,0.0,-0.342476430673,-0.474635200864,0.0120752280857,5.76805926424,1.1022980006,3.0,7.03632870371,7.02
1.0,49.3752401889,0.0,-0.351509637903,-0.484226866029,0.0121052041049,5.76768450981,1.10601902852,3.0,7.03612137346,7.02
1.0,49.3748778701,0.0,-0.36004263496,-0.493318321023,0.012135180124,5.76763862745,1.10960503565,3.0,7.03585208334,7.02
1.0,49.3745155512,0.0,-0.368075421845,-0.501909565843,0.0121651561432,5.76792161718,1.1130262448,3.0,7.03552083334,7.02
1.0,49.3741532324,0.0,-0.375607998558,-0.510000600492,0.0121951321624,5.76853347899,1.11626180036,3.0,7.03512762346,7.02
1.0,49.3737909135,0.0,-0.382640365099,-0.517591424968,0.0122251081816,5.76947421289,1.11931170232,3.0,7.0346724537,7.02
1.0,49.3734285947,0.0,-0.389172521467,-0.524682039272,0.0122550842008,5.77074381886,1.12217595068,3.0,7.03416550926,7.02
1.0,49.3730662759,0.0,-0.395204467663,-0.531272443404,0.01228506022,5.77234229692,1.12485454546,3.0,7.0336662037,7.02
1.0,49.372703957,0.0,-0.400736203687,-0.537362637363,0.0123150362392,5.77426964706,1.12734748663,3.0,7.03320407407,7.02
1.0,49.3723416382,0.0,-0.405767729538,-0.542952621149,0.0123450122583,5.77652586928,1.12965477421,3.0,7.03277912037,7.02
1.0,49.3719793193,0.0,-0.410299045217,-0.548042394764,0.0123749882775,5.77911096359,1.1317764082,3.0,7.03239134259,7.02
1.0,49.3716170005,0.0,-0.414330150723,-0.552631958206,0.0124049642967,5.78207878712,1.13371238859,3.0,7.03204074074,7.02
1.0,49.3712546816,0.0,-0.417861046057,-0.556721311476,0.0124349403159,5.78546910458,1.13546271539,3.0,7.03172731481,7.02
1.0,49.3708923628,0.0,-0.420891731219,-0.560310454573,0.0124649163351,5.7890132493,1.13702738859,3.0,7.03145106481,7.02
1.0,49.370530044,0.0,-0.423422206209,-0.563399387498,0.0124948923543,5.79271122129,1.1384064082,3.0,7.03121199074,7.02
1.0,49.3626798024,0.0,-0.425452471026,-0.565988110251,0.0125248683735,5.79656302054,1.13959977421,3.0,7.03101009259,7.02
1.0,49.3515686913,0.0,-0.426982525671,-0.568076622831,0.0125548443926,5.80056864706,1.14060748663,3.0,7.03084537037,7.02
1.0,49.3404575802,0.0,-0.428012370143,-0.569664925239,0.0125848204118,5.80472810084,1.14142954546,3.0,7.03071018518,7.02
1.0,49.3293464691,0.0,-0.428542004443,-0.570753017475,0.012614796431,5.80904138189,1.14215926025,3.0,7.030575,7.02
1.0,49.318235358,0.0,-0.428571428571,-0.571340899538,0.0126447724502,5.8135084902,1.14283834225,3.0,7.03043981481,7.02
1.0,49.3071242469,0.0,-0.428571428571,-0.571428571429,0.0126747484694,5.81812942577,1.14346679144,3.0,7.03030462963,7.02
1.0,49.2960131357,0.0,-0.428571428571,-0.571428571429,0.0127047244886,5.82290418861,1.14404460784,3.0,7.0301762963,7.02
1.0,49.2849020246,0.0,-0.428571428571,-0.571428571429,0.0127347005078,5.82783277871,1.14457179144,3.0,7.03006148148,7.02
1.0,49.2737909135,0.0,-0.428571428571,-0.571428571429,0.0127646765269,5.83291519608,1.14504834225,3.0,7.02996018519,7.02
1.0,49.2626798024,0.0,-0.428571428571,-0.571428571429,0.0127946525461,5.83815144071,1.14547426025,3.0,7.02987240741,7.02
1.0,49.2515686913,0.0,-0.428571428571,-0.571428571429,0.0128246285653,5.84354151261,1.14584954546,3.0,7.02979814815,7.02
1.0,49.2404575802,0.0,-0.428571428571,-0.571428571429,0.0128546045845,5.84908541176,1.14617419786,3.0,7.02973740741,7.02
1.0,49.2293464691,0.0,-0.428571428571,-0.571428571429,0.0128845806037,5.85478313819,1.14644821747,3.0,7.02969018519,7.02
1.0,49.218235358,0.0,-0.428571428571,-0.571428571429,0.0129145566229,5.86063469188,1.14667160428,3.0,7.02965648148,7.02
1.0,49.2071242469,0.0,-0.428571428571,-0.571428571429,0.012944532642,5.86664007283,1.14684435829,3.0,7.0296362963,7.02
1.0,49.1960131358,0.0,-0.428571428571,-0.571428571429,0.0129745086612,5.87279928105,1.1469664795,3.0,7.02962962963,7.02
1.0,49.1849020246,0.0,-0.428571428571,-0.571428571429,0.0130044846804,5.87911231653,1.14703796792,3.0,7.02962962963,7.02
1.0,49.1737909135,0.0,-0.428571428571,-0.571428571429,0.0130344606996,5.88531981653,1.14684852941,3.0,7.02962962963,7.02
1.0,49.1626798024,0.0,-0.428571428571,-0.571428571429,0.0130644367188,5.89133768464,1.1463597549,3.0,7.02962962963,7.02
1.0,49.1515686913,0.0,-0.428571428571,-0.571428571429,0.013094412738,5.89716592087,1.1455925,3.0,7.02962962963,7.02
1.0,49.145530044,0.0,-0.428571428571,-0.571428571429,0.0131243887572,5.90280452521,1.14454676471,3.0,7.02962962963,7.02
1.0,49.1451677251,0.0,-0.428571428571,-0.571428571429,0.0131543647763,5.90825349766,1.14322254902,3.0,7.02962962963,7.02
1.0,49.1448054063,0.0,-0.428571428571,-0.571428571429,0.0131843407955,5.91351283823,1.14161985294,3.0,7.02962962963,7.02
1.0,49.1444430874,0.0,-0.428571428571,-0.571428571429,0.0132143168147,5.91858254692,1.13973867647,3.0,7.02962962963,7.02
1.0,49.1440807686,0.0,-0.428571428571,-0.571428571429,0.0132442928339,5.92346262371,1.13757901961,3.0,7.02962962963,7.02
1.0,49.1437184498,0.0,-0.428571428571,-0.571428571429,0.0132742688531,5.92815306863,1.13514088235,3.0,7.02962962963,7.02
1.0,49.1433561309,0.0,-0.428571428571,-0.571428571429,0.0133042448723,5.93260002451,1.13242426471,3.0,7.02962962963,7.02
1.0,49.1429938121,0.0,-0.428571428571,-0.571428571429,0.0133342208914,5.93670352124,1.12942916667,3.0,7.02962962963,7.02
1.0,49.1426314932,0.0,-0.428571428571,-0.571428571429,0.0133641969106,5.94046355882,1.12615558824,3.0,7.02962962963,7.02
1.0,49.1422691744,0.0,-0.428571428571,-0.571428571429,0.0133941729298,5.94388013725,1.12260352941,3.0,7.02962962963,7.02
1.0,49.1419068555,0.0,-0.428571428571,-0.571428571429,0.013424148949,5.94695325653,1.1187823366,3.0,7.02962962963,7.02
1.0,49.1415445367,0.0,-0.428571428571,-0.571428571429,0.0134541249682,5.94968291666,1.11505397059,3.0,7.02962962963,7.02
1.0,49.1411822178,0.00166793990321,-0.428571428571,-0.571428571429,0.0134841009873,5.95206911764,1.11141843137,3.0,7.02958641975,7.02
1.0,49.140819899,0.00545709192764,-0.428571428571,-0.571428571429,0.0135140770065,5.95411185947,1.10787571896,3.0,7.02945308642,7.02
1.0,49.1404575802,0.0113674560733,-0.428571428571,-0.571428571429,0.0135440530257,5.95581114215,1.10442583334,3.0,7.02922962963,7.02
1.0,49.1400952613,0.0193990323401,-0.428571428571,-0.571428571429,0.0135500482295,5.95716696568,1.10106877451,3.0,7.02891604938,7.02
1.0,49.1397329425,0.0295518207282,-0.428571428571,-0.571428571429,0.0135235239944,5.95817933006,1.09780454249,3.0,7.02851234568,7.02
1.0,49.1393706236,0.0418258212375,-0.435046248715,-0.571428571429,0.0134644803202,5.95884823529,1.09463313726,3.0,7.02801851852,7.02
1.0,49.1390083048,0.0565471991503,-0.450082219938,-0.571428571429,0.0133729172071,5.95917368137,1.09155455883,3.0,7.0274345679,7.02
1.0,49.138645986,0.0797082933752,-0.47367934224,-0.571428571429,0.0132488346549,5.9591556683,1.08856880719,3.0,7.02676049383,7.02
1.0,49.1382836671,0.111309103912,-0.505837615622,-0.571428571429,0.0130922326638,5.95879419608,1.08567588236,3.0,7.02599160494,7.02
1.0,49.1379213483,0.151349630761,-0.546557040082,-0.571428571429,0.0129031112337,5.9580892647,1.08287578432,3.0,7.0251145679,7.02
1.0,49.1375590295,0.197964390409,-0.591545106908,-0.571428571429,0.0126814703646,5.95704087418,1.08016851307,3.0,7.02417259259,7.02
1.0,49.1371967106,0.250218960483,-0.639373269199,-0.571428571429,0.0124273100564,5.95564902451,1.07755406863,3.0,7.02321259259,7.02
1.0,49.1368343918,0.308113340984,-0.690041526956,-0.571428571429,0.0121406303093,5.95389969233,1.07503245098,3.0,7.0222345679,7.02
1.0,49.1364720729,0.371647531912,-0.743549880178,-0.570130796671,0.0118214311232,5.95175939552,1.07260366013,3.0,7.02123851852,7.02
1.0,49.1361097541,0.440821533266,-0.799898328866,-0.567418039749,0.0114697124981,5.94922813408,1.07026769608,3.0,7.02022444444,7.02
1.0,49.1357474353,0.519822038062,-0.866324321645,-0.563290300663,0.011085474434,5.94656527076,1.06818387255,3.0,7.01931086419,7.02
1.0,49.1353851164,0.611437383847,-0.945638401068,-0.557747579413,0.0106687169309,5.94385490196,1.06637852941,3.0,7.01866765432,7.02
1.0,49.1350227976,0.715667570621,-1.03784056713,-0.550789875998,0.0102194399889,5.94109702768,1.06485166667,3.0,7.01829481481,7.02
1.0,49.1346604787,0.832793621041,-1.14293081984,-0.54241719042,0.00973764360779,5.93829164792,1.06360328432,3.0,7.01819703703,7.02
1.0,49.1342981599,0.963919671461,-1.26090915919,-0.532629522677,0.00922332778772,5.93543876269,1.06263338236,3.0,7.01838765432,7.02
1.0,49.1256542676,1.10904572188,-1.39177558518,-0.521426872771,0.00867649252865,5.93253837197,1.06194196079,3.0,7.01886666666,7.02
1.0,49.1068654477,1.2681717723,-1.5358335562,-0.5088092407,0.00808896255263,5.92959047578,1.06152901961,3.0,7.01963407407,7.02
1.0,49.0880766278,1.44129782272,-1.69713790402,-0.494776626465,0.00744181360513,5.9265950741,1.06139455883,3.0,7.02068987654,7.02
1.0,49.0692878079,1.62897932155,-1.87568862866,-0.477508787488,0.00673504568613,5.92355216695,1.06153857843,3.0,7.02203407407,7.02
1.0,49.0504989881,1.8361690171,-2.07148573011,-0.456609208939,0.00596865879564,5.92046175432,1.06196107843,3.0,7.02366666666,7.02
1.0,49.0317101682,2.06286690937,-2.28452920837,-0.432077890816,0.00514265293366,5.91732383622,1.06266205883,3.0,7.0254691358,7.02
1.0,49.0129213483,2.30907299837,-2.51481906344,-0.403914833121,0.0042570281002,5.91413841263,1.06364151961,3.0,7.02727160494,7.02
1.0,48.9941325284,2.57478728408,-2.76235529533,-0.372120035853,0.00331178429524,5.91090548356,1.06489946079,3.0,7.0290437037,7.02
1.0,48.9753437085,2.86000976652,-3.02713790402,-0.336693499013,0.00230692151879,5.90762504902,1.06642653595,3.0,7.0304462963,7.02
1.0,48.9565548887,3.16407203114,-3.30916688953,-0.297635222599,0.00124243977086,5.904297109,1.06786078432,3.0,7.03147938272,7.02
1.0,48.9377660688,3.48528885147,-3.61305038467,-0.254945206613,0.000118339051432,5.90092166349,1.06920220588,3.0,7.03214296296,7.02
1.0,48.9189772489,3.82320695528,-3.94004067594,-0.208623451054,-0.00112400041034,5.89749871251,1.07045080066,3.0,7.03243703704,7.02
0.984166666667,48.861761928,4.17782634258,-4.29013776332,-0.158669955922,-0.00266443472956,5.89402825605,1.07160656863,3.0,7.03236160494,7.02
0.968333333333,48.7840083048,4.54914701337,-4.66334164681,-0.105084721218,-0.00447898309088,5.89051029412,1.07266950981,3.0,7.03191666667,7.018
0.9525,48.7062546816,4.93716896763,-5.05965232643,-0.0478319739647,-0.00655910687064,5.8869448267,1.07376112745,3.0,7.03115154321,7.016
0.936666666667,48.6285010584,5.34277708501,-5.46327851639,0.014805388673,-0.00890480606886,5.88333185381,1.07513122549,3.0,7.0302287037,7.014
0.920833333333,48.5507474352,5.77090285994,-5.87036375729,0.0828273666952,-0.0115160806855,5.87921664124,1.07677980392,3.0,7.02914814815,7.012
0.905,48.4729938121,6.21555395353,-6.28090804913,0.156233960102,-0.0143929307207,5.87457737921,1.07870686275,3.0,7.02794024691,7.01
0.889166666667,48.3952401889,6.67673036577,-6.69491139191,0.235025168893,-0.0175353561742,5.86941406771,1.08091240196,3.0,7.0269441358,7.008
0.873333333333,48.3174865657,7.15443209666,-7.11237378563,0.319200993069,-0.0209433570463,5.86372670675,1.08339642157,3.0,7.02615981481,7.006
0.8575,48.2184769038,7.65052462972,-7.53758773901,0.40876143263,-0.0246169333367,5.85751529632,1.08615892157,3.0,7.02558728395,7.004
0.841666666667,48.0461339087,8.16106299704,-7.97198179894,0.503706487575,-0.0286693277848,5.85077983643,1.08919990196,3.0,7.02522654321,7.002
0.825833333333,47.8737909135,8.68601773371,-8.41555596543,0.604036157905,-0.0335834873662,5.84353435042,1.09251936275,3.0,7.0250791358,7.0
0.81,47.7014479183,9.22538883974,-8.87027439146,0.708452668862,-0.039359412081,5.83581232044,1.09611730392,3.0,7.02525617284,6.998
0.794166666667,47.5291049232,9.77917631511,-9.33794283059,0.816838813038,-0.0459971019291,5.82761374646,1.09999372549,3.0,7.02570833333,6.996
0.778333333333,47.3422691744,10.3431934668,-9.81132383419,0.929194590436,-0.0535465169426,5.8189386285,1.10419960784,3.0,7.02627314815,6.994
0.7625,47.083935841,10.9146519573,-10.2876068597,1.04552000105,-0.0620173160608,5.80978696655,1.10877679739,3.0,7.02695061729,6.992
0.746666666667,46.8256025077,11.4935517866,-10.7667919072,1.16581504489,-0.0714094992839,5.80015876062,1.11384538126,3.0,7.02774074074,6.99
0.730833333333,46.5672691744,12.079611932,-11.2488789765,1.29007972195,-0.0817230666118,5.79005401069,1.1194090414,3.0,7.02864351852,6.988
0.715,46.3089358411,12.6727048402,-11.7338680678,1.41831403223,-0.0929580180446,5.77947271679,1.12546777778,3.0,7.02965895062,6.986
0.699166666667,46.0602643435,13.274040739,-12.221759181,1.55051797573,-0.105500711163,5.76841487889,1.13202159042,3.0,7.03078703704,6.984
0.683333333333,45.8879213483,13.8836196285,-12.7122488578,1.68669155245,-0.11943356488,5.75633095156,1.1390704793,3.0,7.03202777778,6.982
0.6675,45.7155783532,14.5014415087,-13.2012822663,1.82683476239,-0.134737654941,5.74312491205,1.14661444445,3.0,7.03337962963,6.98
0.651666666667,45.543235358,15.1269509311,-13.687208076,1.96785223041,-0.151358358379,5.72879676038,1.15465348584,3.0,7.03473148148,6.978
0.635833333333,45.3708923628,15.7526519918,-14.1687755954,2.10778250625,-0.169231060217,5.71334649654,1.16318760349,3.0,7.03608333333,6.976
0.62,45.1937184498,16.3728448559,-14.6459848248,2.24662558992,-0.188355760457,5.69677412053,1.17221679739,3.0,7.03743518518,6.974
0.604166666667,44.9353851164,16.9875295232,-15.1188357639,2.38438148142,-0.208732459098,5.67907963235,1.18174106754,3.0,7.03869333333,6.972
0.588333333333,44.6770517831,17.5967059938,-15.5873284129,2.52105018074,-0.230361156141,5.66026303201,1.19176041394,3.0,7.03965407407,6.97
0.5725,44.4187184498,18.2003742676,-16.0514627717,2.65663168789,-0.253241851584,5.64032431949,1.2022748366,3.0,7.0403174074,6.968
0.556666666667,44.1603851164,18.7990394068,-16.5112388404,2.79112600286,-0.277374545429,5.61926349481,1.21372078431,3.0,7.04068333333,6.966
0.540833333333,43.9020517831,19.3920909302,-16.9592071971,2.92453312566,-0.302759237675,5.59708055796,1.22637348039,3.0,7.04075185185,6.964
0.525,43.6437184498,19.979528838,-17.3938629963,3.05685305628,-0.329337308552,5.57377550894,1.24023292484,3.0,7.04052296296,6.962
0.509166666667,43.3853851164,20.5613531301,-17.8152062382,3.18808579473,-0.356928901944,5.54792338206,1.25529911765,3.0,7.03999666666,6.96
0.493333333333,43.1270517831,21.1375638065,-18.2232369226,3.31823134101,-0.385534017851,5.51930610871,1.27157205882,3.0,7.03924064814,6.958
0.4775,42.9769310101,21.7081608672,-18.6179550496,3.44725392213,-0.415152656274,5.48792368887,1.2889302451,3.0,7.03833254629,6.956
0.461666666667,42.8905783531,22.2722594326,-19.0086770847,3.57343643527,-0.445784817212,5.45377612255,1.30712387255,3.0,7.03727236111,6.954
0.445833333333,42.8042256961,22.824601843,-19.3971731566,3.69677888042,-0.477430500665,5.41731814394,1.32615294118,3.0,7.03615379629,6.952
0.43,42.7178730392,23.3651880983,-19.783443265,3.81728125759,-0.510089706634,5.37857156283,1.34586649238,3.0,7.03518055555,6.95
0.414166666667,42.6315203822,23.8940181986,-20.1674874102,3.93494356677,-0.543874012522,5.33753833348,1.36601323529,3.0,7.03435263889,6.948
0.398333333333,42.6437184498,24.4110921438,-20.549305592,4.04976580796,-0.578969935784,5.29507050817,1.38659316993,3.0,7.03367004629,6.946
0.3825,42.7293464691,24.916409934,-20.9288978105,4.16213260412,-0.615377476418,5.2511680869,1.4076062963,3.0,7.03313277777,6.944
0.366666666667,42.8149744885,25.4133738355,-21.3054188558,4.27229376976,-0.652968736743,5.20583106967,1.42905261438,3.0,7.03274083333,6.942
0.350833333333,42.9006025078,25.8987212736,-21.6763290348,4.38024930487,-0.690619616039,5.15905945648,1.45093212418,3.0,7.03249421296,6.94
0.335,42.9862305271,26.3724522482,-22.0396641945,4.48599920947,-0.728330114307,5.11085324733,1.47324482571,3.0,7.03232523148,6.938
0.319166666667,43.1829696575,26.8345667593,-22.3936185813,4.58954348354,-0.766100231546,5.06121244222,1.49599071895,3.0,7.03215625,6.936
0.303333333333,43.4835735223,27.2850648069,-22.7381921954,4.69088212708,-0.803880007725,5.01013704115,1.51916980392,3.0,7.03198726852,6.934
0.2875,43.784177387,27.7239463911,-23.0733850366,4.79001514011,-0.841659783904,4.95762704412,1.54278208061,3.0,7.03181828704,6.932
0.271666666667,44.0847812517,28.1512115118,-23.3991971049,4.88694252261,-0.879380274179,4.90426422237,1.56670746187,3.0,7.03164930555,6.93
0.255833333333,44.3853851164,28.5645936942,-23.7132183517,4.98166427459,-0.917041145481,4.8502279844,1.5909422658,3.0,7.03148032407,6.928
0.24,44.7850227976,28.9611779893,-24.0135782914,5.07418039605,-0.954642397813,4.79551833021,1.61547856209,3.0,7.03131134259,6.926
0.224166666667,45.3006025077,29.3397541692,-24.3002769239,5.16449088698,-0.991452949372,4.7401352598,1.63989108932,3.0,7.03114236111,6.924
0.208333333333,45.8161822178,29.7006711526,-24.5733142493,5.25259574739,-1.02719035944,4.68462831863,1.66417984749,3.0,7.03097337963,6.922
0.1925,46.3665445367,30.0456861756,-24.8326902676,5.33849497728,-1.06185462803,4.62909352941,1.6883448366,3.0,7.03080439815,6.92
0.176666666667,47.2690807686,30.3747992382,-25.0800563093,5.42353697589,-1.0955003781,4.57353089216,1.71238605664,3.0,7.03063541667,6.918
0.160833333333,48.1716170005,30.6905534958,-25.3166630658,5.50980024989,-1.12819222462,4.51794040686,1.73630350763,3.0,7.03046643518,6.916
0.145,49.0741532323,30.9986487837,-25.5406960725,5.59728479927,-1.1599301676,4.46232207353,1.76009718954,3.0,7.03016473765,6.914
0.129166666667,49.6520517831,31.2990851017,-25.7518409926,5.68599062404,-1.19071420703,4.40667589216,1.7837671024,3.0,7.02962083333,6.912
0.113333333333,50.1031387396,31.5918624499,-25.950097826,5.7759177242,-1.22020861151,4.35100186274,1.80731324619,3.0,7.02883472222,6.91
0.0975,50.5542256961,31.876695458,-26.1354665728,5.86706609974,-1.24839139861,4.29529998529,1.83073562091,3.0,7.02780640432,6.908
0.0816666666667,51.1176314932,32.1533316291,-26.3079472329,5.95943575067,-1.27526256834,4.2395702598,1.85359777778,3.0,7.02653587963,6.906
0.0658333333333,51.8911822179,32.4223987306,-26.4703810954,6.05302667698,-1.3008221207,4.18381022829,1.87562449346,3.0,7.02502314815,6.904
0.05,52.4082112034,32.6838967627,-26.6230207191,6.14783887869,-1.32507005569,4.1279507395,1.89681576797,3.0,7.02326820988,6.902
0.05,52.7948054063,32.9378257252,-26.7658661042,6.24387235577,-1.3480063733,4.0734167591,1.91717160131,3.0,7.02127106482,6.9
0.05,53.1813996092,33.1822628018,-26.8989172505,6.34112710825,-1.36946320783,4.02042635574,1.93669199346,3.0,7.01903171296,6.902
0.05,53.643356131,33.4134909984,-27.0221741582,6.43960313611,-1.38889299733,3.96897952941,1.95537694444,3.0,7.01655015432,6.904
0.05,54.2879213483,33.6315103151,-27.1356368273,6.53930043936,-1.4062957418,3.91907628011,1.97322645425,3.0,7.01395910494,6.906
0.05,54.697703957,33.8363207519,-27.2381997553,6.64021901799,-1.42167144124,3.87071660784,1.99049223856,3.0,7.01136805556,6.908
0.05,54.9553126527,34.0279223088,-27.3183536037,6.74235887201,-1.43502009565,3.8239005126,2.00753767429,3.0,7.00877700617,6.91
0.05,55.2129213483,34.2050400241,-27.3760983724,6.84572000142,-1.44600830509,3.77862604015,2.02461405229,3.0,7.00618595679,6.912
0.05,55.4603851164,34.3646836266,-27.4114340615,6.95360689693,-1.45359823314,3.73404113819,2.04172137255,3.0,7.00359490741,6.914
0.05,55.674998643,34.5068531161,-27.4253190681,7.0658060014,-1.45778987983,3.69043548459,2.05885963508,3.0,7.00100385803,6.916
0.05,55.8896121696,34.6330256167,-27.4190286308,7.18206750032,-1.45859790008,3.6482036676,2.07602883987,3.0,6.99841157408,6.918
0.05,56.1042256962,34.746493168,-27.3951024426,7.30239139368,-1.45605193685,3.60734568721,2.09322898693,3.0,6.99580802469,6.92
0.05,56.3188392227,34.84725577,-27.3535405037,7.4267776815,-1.45004807327,3.56786154342,2.11046007625,3.0,6.99319320988,6.922
0.05,56.529588015,34.9353134227,-27.2943428139,7.55522636376,-1.44058630935,3.52975123623,2.12715303922,3.0,6.99056712963,6.924
0.05,56.722703957,35.0028743231,-27.1996173759,7.68773744047,-1.42766664508,3.49301476564,2.14200714753,3.0,6.98792978395,6.926
0.05,56.915819899,35.0447491304,-27.0574481194,7.82431091163,-1.41128908047,3.45765213165,2.15502240118,3.0,6.98546705247,6.928
0.05,57.108935841,35.0609378445,-26.8816474389,7.96494677724,-1.39151290141,3.42463646499,2.16619880019,3.0,6.98317893519,6.93
0.05,57.1455300439,35.0511786425,-26.6768824365,8.1096450373,-1.36833844098,3.3950182591,2.17553634454,3.0,6.9810654321,6.932
0.05,57.1451677251,35.0111261709,-26.4450235976,8.25840569181,-1.34176569917,3.36879751401,2.18304296452,3.0,6.97912654321,6.934
0.05,57.1448054062,34.944562618,-26.1878130399,8.41136540584,-1.31213940021,3.34597422969,2.18914392157,3.0,6.97736226852,6.936
0.05,57.1444430874,34.8532457794,-25.9075964878,8.56958585133,-1.27965139062,3.32654840616,2.19383921569,3.0,6.9757738426,6.938
0.05,57.1440807686,34.7354184191,-25.6043739413,8.73306702827,-1.24144395657,3.31052004342,2.19712884687,3.0,6.9743712963,6.94
0.05,57.0951677251,34.591080537,-25.2780486067,8.90173566998,-1.19734723394,3.29788914146,2.19901281513,3.0,6.97315462963,6.942
0.05,57.0303126526,34.4202321332,-24.9085599878,9.07507820522,-1.15128308526,3.28911911205,2.19982212885,3.0,6.9721238426,6.944
0.05,56.9654575802,34.2218694657,-24.4977225494,9.25309463398,-1.10325151052,3.28441489636,2.1997031746,3.0,6.97127893519,6.946
0.05,56.8759648265,33.9955294043,-24.0458506282,9.43578495628,-1.05325250972,3.2837764944,2.19865595238,3.0,6.97041527778,6.948
0.05,56.7466170005,33.7412119492,-23.5529442243,9.6231491721,-1.00120814521,3.28720390616,2.19668046218,3.0,6.96909537037,6.95
0.05,56.6172691744,33.4435032224,-23.0190033376,9.81518728144,-0.947153389019,3.29469713166,2.19377670401,3.0,6.96731921297,6.952
0.05,56.4879213483,33.0775231062,-22.4317924532,10.0118992843,-0.892383205166,3.30622813166,2.18994467787,3.0,6.96508680556,6.954
0.05,56.3585735222,32.6578636363,-21.7879149022,10.2132851807,-0.836897593656,3.32168816317,2.18518438375,3.0,6.96239814815,6.956
0.05,56.2082112034,32.1884902819,-21.0873706845,10.4193449707,-0.780696554487,3.34114637746,2.17917286088,3.0,6.9595470679,6.958
0.0816666666667,56.0143706237,31.669403043,-20.3321260661,10.6300786541,-0.72351430029,3.36460277451,2.17184319748,3.0,6.95655516975,6.96
0.113333333333,55.820530044,31.1074702699,-19.5279773381,10.8454862311,-0.665426770313,3.39205735435,2.16319539356,3.0,6.9534224537,6.962
0.145,55.6266894643,30.5105374968,-18.6749245005,11.0647669966,-0.606981526508,3.42351011695,2.15322944911,3.0,6.95014891975,6.964
0.176666666667,55.3712546817,29.8786047237,-17.7729675533,11.2873233594,-0.548528289098,3.45836841527,2.14194536415,3.0,6.9467345679,6.966
0.208333333333,55.147703957,29.2116719506,-16.833066787,11.5131553196,-0.490611622431,3.49638945519,2.12909142297,3.0,6.94319814815,6.968
0.24,55.0183561309,28.5097391775,-15.8700533791,11.7422628771,-0.433231526508,3.5375732367,2.11445520728,3.0,6.93997716049,6.97
0.271666666667,54.813645986,27.774081366,-14.8839273294,11.9746460319,-0.37662148121,3.58191975981,2.09803671709,3.0,6.93707160494,6.972
0.303333333333,54.5553126527,27.0076887875,-13.874688638,12.2070002933,-0.321919243001,3.62942902451,2.07983595238,3.0,6.93454567901,6.974
0.335,54.8187184498,26.2105614419,-12.8413789077,12.4391545956,-0.269124811879,3.67978108334,2.05985291317,3.0,6.93242530864,6.976
0.366666666667,55.1408198991,25.3815503193,-11.7763233378,12.6711089386,-0.218238187845,3.73247237745,2.03808759944,3.0,6.93041666667,6.978
0.398333333333,55.4629213484,24.5187946018,-10.6735900734,12.9028633225,-0.16987088169,3.78750290687,2.0145400112,3.0,6.92849814815,6.98
0.43,56.8248778702,23.6222942891,-9.53317911453,13.1344177471,-0.124126810281,3.84487267157,1.98921014846,3.0,6.92666975309,6.982
0.461666666667,57.4694430876,22.6920493815,-8.35661011516,13.3627544611,-0.0810059736167,3.90458167157,1.96251362885,3.0,6.92493148148,6.984
0.493333333333,58.114008305,21.7358516818,-7.19446817026,13.5838497958,-0.0405083716982,3.96662990687,1.93434514146,3.0,6.92328333334,6.986
0.525,58.8397329427,20.7691850151,-6.0586693501,13.7977037512,-0.00263400452514,4.03041134804,1.90470468628,3.0,6.92203155865,6.988
0.556666666667,60.0002401886,19.8025183485,-4.93540126016,14.0043163273,0.0326171279023,4.09414168138,1.87438826549,3.0,6.92122476852,6.99
0.588333333333,61.0998778698,18.8383799797,-3.82240684717,14.203687524,0.0652450255842,4.15659100491,1.84485866231,3.0,6.92086296297,6.992
0.62,62.1313996092,17.8830536283,-2.71968611111,14.3958173415,0.0952496885206,4.21775931863,1.81611587675,3.0,6.92088194445,6.994
0.651666666667,63.1629213485,16.9327571059,-1.62549693447,14.5805691145,0.122631116711,4.27764662255,1.78815990881,3.0,6.92125578704,6.996
0.683333333333,64.1879213487,15.9853836981,-0.536348653931,14.7568811712,0.147389310156,4.33625291667,1.76099075848,3.0,6.92198449074,6.998
0.715,65.1549503342,15.0409334051,0.551430630345,14.9247535117,0.166666555027,4.39357820099,1.73460842577,3.0,6.92306805556,7.0
0.746666666667,66.1219793197,14.1013036506,1.63774412465,15.0841861358,0.180292987215,4.44962247549,1.70901291068,3.0,6.92450648148,7.002
0.778333333333,67.0890083052,13.1667800965,2.70253133292,15.2351790436,0.192304378102,4.50392232844,1.6838732048,3.0,6.92629976852,7.004
0.81,67.8676314935,12.2383664848,3.74579225516,15.3777322351,0.202706056759,4.55627281863,1.65904292157,3.0,6.92844791667,7.006
0.841666666667,68.5766894645,11.3165259456,4.76597856011,15.5099602687,0.211498023185,4.60667394608,1.63452206101,3.0,6.93064467593,7.008
0.873333333333,69.2857474355,10.4012584789,5.75077019274,15.6309084906,0.218266608317,4.65497085785,1.6103106231,3.0,6.93280578704,7.01
0.905,70.2962546818,9.50826333277,6.70016715304,15.7405769007,0.223024801762,4.70110954657,1.58640860785,3.0,6.93492746914,7.012
0.936666666667,71.8437184494,8.66499607372,7.6019339261,15.838965499,0.227067567549,4.74511805147,1.56281601525,3.0,6.93700972222,7.014
0.968333333333,72.956399609,7.86407457806,8.45267384291,15.9260742855,0.230394905679,4.78710757353,1.53948072114,3.0,6.9390525463,7.016
1.0,73.8589358411,7.10153337657,9.25222639119,16.0019032603,0.23300681615,4.82707811274,1.51672544663,3.0,6.94105594136,7.018
1.0,74.3788633773,6.37737246925,9.99919975087,16.0664524233,0.234637511593,4.86502966912,1.49461710349,3.0,6.94301990741,7.02
1.0,74.8944430874,5.68664632232,10.6993902131,16.1197217745,0.23519506555,4.90096224265,1.47315569172,3.0,6.94494444444,7.02
1.0,75.4100227975,5.02571171925,11.3527977778,16.1625120189,0.234679478019,4.93487583333,1.45234121133,3.0,6.94682955247,7.02
1.0,75.8458923627,4.39636737405,11.9594224451,16.1954207478,0.233432475621,4.96736308823,1.43217366231,3.0,6.94867523148,7.02
1.0,76.2324865657,3.79861328674,12.5291190031,16.2184479611,0.231970844926,4.99866680147,1.41265304467,3.0,6.95048148148,7.02
1.0,76.6190807686,3.2324494573,13.0652092906,16.2315936588,0.230294585933,5.02878697304,1.39377935839,3.0,6.95228395062,7.02
1.0,76.9339358411,2.69787588575,13.5665044434,16.2348578409,0.228415355984,5.0576708701,1.37555260349,3.0,6.95408641975,7.02
1.0,77.0303126527,2.19489257208,14.0303696814,16.2282405074,0.226619592594,5.08530160539,1.35797277996,3.0,6.95594074074,7.02
1.0,77.1266894643,1.72349951628,14.4568050047,16.2117416584,0.224907295765,5.11170944853,1.3410398878,3.0,6.95788518518,7.02
1.0,77.2230662759,1.28484572834,14.8385656412,16.1840518975,0.223278465496,5.1370033701,1.32475392702,3.0,6.95991975308,7.02
1.0,77.3194430875,0.880792026288,15.1697197361,16.1441987653,0.221733101787,5.1611833701,1.30911489761,3.0,6.96204444444,7.02
1.0,77.4158198991,0.512405604405,15.4502672894,16.0921822618,0.220271204638,5.18424944853,1.29412279957,3.0,6.96425925926,7.02
1.0,77.5121967107,0.179900209099,15.681727955,16.0310201384,0.218892774049,5.20620160539,1.27993108388,3.0,6.96656419753,7.02
1.0,77.5759648266,-0.11672415963,15.8967948306,15.9647360638,0.21759781002,5.22703984069,1.26794578976,3.0,6.96895925926,7.02
1.0,77.6078488846,-0.387761985982,16.0954679161,15.893330038,0.216386312551,5.24737018382,1.25816691721,3.0,6.97118271605,7.02
1.0,77.6397329426,-0.643682236953,16.2744056025,15.8168020609,0.215258281643,5.26740573284,1.24976081699,3.0,6.97313580247,7.02
1.0,77.6716170005,-0.884484912543,16.4333156079,15.7351521327,0.214213717294,5.28705140931,1.24104529412,3.0,6.97481851852,7.02
1.0,77.7035010585,-1.10990934319,16.5721979325,15.6483802532,0.213252619506,5.30630721323,1.23202034858,3.0,6.97617901234,7.02
1.0,77.7353851165,-1.31808739702,16.6910525762,15.5564864225,0.212374988277,5.32517314461,1.22268598039,3.0,6.97717901234,7.02
1.0,77.7672691744,-1.50901907404,16.7887346001,15.4594706406,0.211580823609,5.34364920343,1.21304218954,3.0,6.97781851852,7.02
1.0,77.7416653097,-1.68270437425,16.8615721044,15.3573329074,0.210864596591,5.3617353897,1.20308897603,3.0,6.97809753086,7.02
1.0,77.6983078217,-1.84104072145,16.9095650892,15.2500732231,0.210219912338,5.37943170343,1.19282633987,3.0,6.97801604938,7.02
1.0,77.6549503338,-1.98431377751,16.9327135543,15.1376915875,0.209532861978,5.39673030637,1.18225428105,3.0,6.97782530864,7.02
1.0,77.6115928458,-2.11252354242,16.9310174999,15.0201880007,0.208798116441,5.41361118872,1.17137279956,3.0,6.97776975308,7.02
1.0,77.5682353579,-2.2256700162,16.9060252571,14.8994479042,0.208015675727,5.43007435049,1.16018189542,3.0,6.97811111111,7.02
1.0,77.5324865656,-2.32375319884,16.870056881,14.7764259519,0.207185539836,5.44627464461,1.14906501401,3.0,6.97894814815,7.02
1.0,77.49987787,-2.40677309034,16.8231123716,14.6514417836,0.206307708768,5.46226607843,1.13835480237,3.0,6.98028086419,7.02
1.0,77.4672691744,-2.47688928993,16.765191729,14.5245566749,0.205382182522,5.47804865196,1.1280512605,3.0,6.98210925926,7.02
1.0,77.4346604787,-2.54131170962,16.6968671439,14.3957706258,0.204408961099,5.49362236519,1.11820651261,3.0,6.98443333333,7.02
1.0,77.4020517831,-2.6000403494,16.6187980277,14.2650836363,0.203388044499,5.50898721814,1.10882079832,3.0,6.9872708642,7.02
1.0,77.3694430875,-2.65307520927,16.5343424663,14.1324957063,0.202319432722,5.52414321078,1.09989411765,3.0,6.99063111111,7.02
1.0,77.3368343918,-2.70041628925,16.4435004599,13.9980068361,0.201203125767,5.53909034314,1.09142647059,3.0,6.99451407407,7.02
1.0,77.252293329,-2.74254891307,16.3462720085,13.8616170254,0.200039123636,5.5538286152,1.08341785714,3.0,6.99866851852,7.02
1.0,77.165940672,-2.78127179477,16.2426571119,13.7233262743,0.198835419932,5.56820614788,1.07586827731,3.0,7.00285,7.02
1.0,77.079588015,-2.81658493435,16.1326557702,13.5831345828,0.197619792434,5.58186427288,1.06877773109,3.0,7.00705851852,7.02
1.0,76.993235358,-2.84848833182,16.0162679834,13.441041951,0.196392241142,5.5948029902,1.06214621849,3.0,7.01129407407,7.02
1.0,76.9068827009,-2.87698198716,15.8946826157,13.2970483787,0.195152766055,5.60707503268,1.0559737395,3.0,7.01553481481,7.02
1.0,76.7813996091,-2.90206590038,15.770534447,13.1511538661,0.193901367174,5.61869728758,1.05026029412,3.0,7.01977555555,7.02
1.0,76.6520517831,-2.92374007148,15.6438234774,13.003358413,0.192638044499,5.6296697549,1.04500588235,3.0,7.0240162963,7.02
1.0,76.522703957,-2.94183840445,15.5145497069,12.8549714158,0.19136279803,5.63999243464,1.0402105042,3.0,7.02823925926,7.02
1.0,76.3933561309,-2.95592016205,15.3827131354,12.706965334,0.190075627766,5.6496653268,1.03587415967,3.0,7.03243518518,7.02
1.0,76.2640083048,-2.96705253856,15.2482300331,12.5600755699,0.188776533708,5.65868069935,1.03199684874,3.0,7.03660407407,7.02
1.0,76.1346604788,-2.97544928039,15.1105723137,12.414517948,0.187465515855,5.6669163268,1.02857857143,3.0,7.04074592593,7.02
1.0,76.0053126527,-2.98111038754,14.9697399771,12.2702924685,0.186142574209,5.67437220915,1.02561932773,3.0,7.04430981481,7.02
1.0,75.8759648266,-2.98403586002,14.8257330233,12.1273991312,0.184807708768,5.68104834641,1.02311288165,3.0,7.04727212963,7.02
1.0,75.7466170005,-2.98422569781,14.6818930616,11.9858379363,0.183460919532,5.68696105229,1.02108322479,3.0,7.04963287037,7.02
1.0,75.6172691744,-2.98167990092,14.5385123735,11.8456088837,0.182102206503,5.69220540523,1.01974976891,3.0,7.05141388889,7.02
1.0,75.4879213484,-2.97665913892,14.3955909591,11.7067119734,0.180731569679,5.69678140523,1.01911251401,3.0,7.05262037037,7.02
1.0,75.3585735223,-2.97103154367,14.2531288184,11.5691472053,0.179349009061,5.70068905229,1.01917146009,3.0,7.05325231482,7.02
1.0,75.2292256962,-2.96479711517,14.1111259514,11.4329145796,0.177954524648,5.70392834641,1.01992660714,3.0,7.05330972222,7.02
1.0,75.0929938121,-2.95795585343,13.969582358,11.2980140962,0.176553645352,5.70649928758,1.02137795518,3.0,7.05279259259,7.02
1.0,74.9475227976,-2.95050775843,13.8284980384,11.1644457551,0.175152766055,5.70840187582,1.0235255042,3.0,7.05170092593,7.02
1.0,74.8020517831,-2.94245283019,13.6878729924,11.0322095563,0.173751886759,5.70964394935,1.0263692542,3.0,7.05003472222,7.02
1.0,74.6565807687,-2.9337910687,13.5479642858,10.9013054997,0.172351007462,5.71024551797,1.02990920518,3.0,7.04834490741,7.02
1.0,74.5111097542,-2.92452247396,13.4091266691,10.7717335855,0.170950128166,5.7102065817,1.03414535714,3.0,7.04700432099,7.02
1.0,74.3656387397,-2.91464704597,13.2713601422,10.6434938136,0.169549248869,5.70961134814,1.03869426471,3.0,7.04601296296,7.02
1.0,74.2201677252,-2.90416478473,13.1346647053,10.5165307204,0.168148369573,5.70863115638,1.04322328081,3.0,7.04537083333,7.02
1.0,74.0746967107,-2.89307569025,12.9990403583,10.390898921,0.166747490276,5.70726600644,1.04773240546,3.0,7.0450779321,7.02
1.0,73.9292256962,-2.88137976251,12.8639149102,10.2665984153,0.165346610979,5.70551589831,1.05222163866,3.0,7.04513425926,7.02
1.0,73.7837546817,-2.86907700153,12.7287894622,10.1436292033,0.163945731683,5.70338083199,1.05669098039,3.0,7.04553981482,7.02
1.0,73.6382836672,-2.8561674073,12.5936640142,10.0219912851,0.162544852386,5.70086080748,1.06114043067,3.0,7.04629459877,7.02
1.0,73.4928126527,-2.84265097982,12.4585385661,9.90168466055,0.16114397309,5.69795582478,1.0651734895,3.0,7.04739861111,7.02
1.0,73.3473416382,-2.82852771909,12.3234131181,9.78270932979,0.159743093793,5.69466588389,1.0687132402,3.0,7.04853958334,7.02
1.0,73.2018706237,-2.81320582339,12.1882876701,9.66506529275,0.158342214497,5.6911428639,1.07175968277,3.0,7.04962986111,7.02
1.0,73.0472691744,-2.79646894553,12.053162222,9.54875254946,0.1569413352,5.6877454331,1.07431281723,3.0,7.05032021605,7.02
1.0,72.8921242468,-2.7783170855,11.918036774,9.4337710999,0.155540455904,5.6844735915,1.07637264356,3.0,7.05061064815,7.02
1.0,72.7369793193,-2.7587502433,11.782911326,9.32012094408,0.154139576607,5.6813273391,1.07793916177,3.0,7.05050115741,7.02
1.0,72.5818343917,-2.73776841894,11.647785878,9.20780208199,0.15273869731,5.67830667589,1.07901237185,3.0,7.04999174383,7.02
1.0,72.4266894642,-2.71537161242,11.5126604299,9.09681451364,0.151337818014,5.67541160188,1.07959227381,3.0,7.04908240741,7.02
1.0,72.2715445366,-2.69172591975,11.3775349819,8.98715823903,0.149936938717,5.67264211707,1.07967886765,3.0,7.04777314815,7.02
1.0,72.1163996091,-2.66727207816,11.2424095339,8.87883325815,0.148535431352,5.66999822145,1.07927215336,3.0,7.04606396605,7.02
1.0,71.9612546816,-2.64201008766,11.1073678158,8.77110416867,0.147130517188,5.66748764706,1.07837213095,3.0,7.04395486111,7.02
1.0,71.7794430873,-2.61593994824,10.9729379139,8.66375514599,0.145722196226,5.66523261938,1.07697880042,3.0,7.04175810185,7.02
1.0,71.5727039569,-2.58960157606,10.8394397429,8.55731959273,0.144310468465,5.66323313841,1.07509216177,3.0,7.03980539021,7.02
1.0,71.3659648265,-2.56330364018,10.7075403842,8.45183375292,0.142895333906,5.66148920415,1.07276104793,3.0,7.03814960317,7.02
1.0,71.1592256961,-2.5370461406,10.5772398378,8.34729762657,0.141476792548,5.66000081661,1.07035257843,3.0,7.03679074074,7.02
1.0,70.9524865657,-2.51082907731,10.4485381036,8.24371121367,0.140054844393,5.65876797578,1.06786675327,3.0,7.03572880291,7.02
1.0,70.7457474353,-2.48465245031,10.3214351817,8.14107451422,0.138629489439,5.65779068166,1.06530357244,3.0,7.03496378968,7.02
1.0,70.5390083049,-2.45851625961,10.195931072,8.03938752822,0.137200727686,5.65706893426,1.06266303595,3.0,7.03449570106,7.02
1.0,70.3322691745,-2.4324205052,10.0720257746,7.93865025567,0.135768559135,5.65808446367,1.05994514379,3.0,7.03432453704,7.02
1.0,70.1286218315,-2.40636518709,9.94971928952,7.83886269658,0.134332983786,5.66085441955,1.05714989597,3.0,7.03445029762,7.02
1.0,69.9562788363,-2.38035030527,9.82901161667,7.74002485093,0.132894001638,5.6653788019,1.05427729249,3.0,7.0348729828,7.02
1.0,69.7839358411,-2.35437585975,9.70990275608,7.64213671874,0.13145855,5.67165761073,1.05132733334,3.0,7.03550714286,7.02
1.0,69.6115928459,-2.32844185052,9.59213564212,7.54644424286,0.130035022155,5.67969084602,1.04830001852,3.0,7.03582724868,7.02
1.0,69.4392498508,-2.30254827758,9.47535552423,7.45312322072,0.128623418105,5.68871794406,1.04519534804,3.0,7.03578042328,7.02
1.0,69.2669068556,-2.27669514094,9.35956240239,7.3621736523,0.127223737849,5.6978836188,1.0420133219,3.0,7.03536666667,7.02
1.0,69.0945638604,-2.25088244059,9.24475627662,7.27333136154,0.125835981388,5.70701653114,1.03875394009,3.0,7.03458597884,7.02
1.0,68.9222208652,-2.22511017654,9.1309371469,7.18648045772,0.124460148721,5.71611668108,1.03534089387,3.0,7.03343835979,7.02
1.0,68.74987787,-2.19937834879,9.01810501325,7.10162094083,0.123096239848,5.72518406863,1.03174882454,3.0,7.03192380952,7.02
1.0,68.5775348749,-2.17368695732,8.90625987566,7.01875281087,0.121744254769,5.73421869377,1.02797773211,3.0,7.03004232804,7.02
1.0,68.4051918797,-2.14803600216,8.79540173412,6.93787606785,0.120404193485,5.74322055652,1.02402761656,3.0,7.02779391535,7.02
1.0,68.2244430874,-2.12242548328,8.68553058865,6.85899071177,0.119076055995,5.75218965686,1.0202949779,3.0,7.02517857143,7.02
1.0,68.0435010584,-2.0968554007,8.57664643924,6.78209674262,0.117759842299,5.76112599481,1.01685673281,3.0,7.02265476191,7.02
1.0,67.8625590294,-2.07191755615,8.46874928588,6.70681328455,0.116455552398,5.77002957036,1.01371288127,3.0,7.02071031746,7.02
1.0,67.6816170004,-2.0478282968,8.36183912859,6.6330476767,0.115163186291,5.77890038351,1.01086342328,3.0,7.0193452381,7.02
1.0,67.5006749714,-2.02458762266,8.2565313914,6.56079991908,0.113882743978,5.78773843426,1.00830835886,3.0,7.01855952381,7.02
1.0,67.3197329425,-2.00219553374,8.15336008575,6.49007001169,0.112614225459,5.79654372261,1.00604768799,3.0,7.0183531746,7.02
1.0,67.1387909135,-1.98065203002,8.05232521165,6.42085795453,0.111357630735,5.80531624856,1.00408141068,3.0,7.01872619048,7.02
1.0,66.9578488845,-1.95987186426,7.95342676909,6.3531637476,0.110112959805,5.81405601211,1.00240952692,3.0,7.01967857143,7.02
1.0,66.7769068555,-1.93973445484,7.85666475808,6.28698739089,0.108904992845,5.82278493483,1.00103203673,3.0,7.02121031746,7.02
1.0,66.5959648265,-1.92023980176,7.7620391786,6.22232888442,0.107745349132,5.83153679123,0.999948940089,3.0,7.02332142857,7.02
1.0,66.4150227975,-1.90138790501,7.66955003068,6.15918822817,0.106636807394,5.84031158131,0.999160237008,3.0,7.02599140212,7.02
1.0,66.2340807685,-1.8831787646,7.58095300047,6.09756542215,0.105579367631,5.84910930507,0.998665927484,3.0,7.02849355159,7.02
1.0,66.0531387395,-1.86507246436,7.49630128854,6.03692706374,0.104573029844,5.85792996251,0.998466011518,3.0,7.03062152778,7.02
1.0,65.8721967105,-1.84676033525,7.41492781353,5.97723690889,0.103617794033,5.86677355363,0.998517892159,3.0,7.03237533069,7.02
1.0,65.6912546815,-1.82824237727,7.33683257544,5.91849495762,0.102713660197,5.87564007843,0.998468105355,3.0,7.03375496032,7.02
1.0,65.5103126526,-1.80951859042,7.26201557426,5.86070120992,0.101860628337,5.88452953691,0.998367121695,3.0,7.03476041667,7.02
1.0,65.3304334255,-1.79058897469,7.19047680999,5.80385566579,0.101058698452,5.89344192906,0.998259949582,3.0,7.03539169974,7.02
1.0,65.1580904304,-1.77145353008,7.12221628264,5.74878921955,0.100307870543,5.9023772549,0.998146589015,3.0,7.03564880952,7.02
1.0,64.9857474352,-1.75211225661,7.05723399221,5.69585411356,0.0996081446097,5.90985378431,0.998027039996,3.0,7.03553174603,7.02
1.0,64.81340444,-1.73256515426,6.99463292872,5.64505034782,0.0989595206517,5.91585436765,0.997901302523,3.0,7.03504050926,7.02
1.0,64.6410614449,-1.71281222303,6.93318130071,5.59637792233,0.0983619986693,5.9203790049,0.997769376597,3.0,7.03419560185,7.02
1.0,64.4687184497,-1.69285346294,6.87287910819,5.5498368371,0.0978086413552,5.92342769608,0.997631262218,3.0,7.033375,7.02
1.0,64.2963754546,-1.67268887397,6.81372635116,5.50418114927,0.0972910554239,5.92482487745,0.997486959386,3.0,7.03280787037,7.02
1.0,64.1240324594,-1.65231845612,6.7557230296,5.4592350614,0.0968092408755,5.9252421201,0.9973364681,3.0,7.03249421296,7.02
1.0,63.9516894643,-1.6317422094,6.69886914353,5.41499857351,0.0963631977101,5.92545050245,0.997179788362,3.0,7.03243402778,7.02
1.0,63.7793464691,-1.61096013381,6.64316469295,5.37147168559,0.0959529259275,5.92545002451,0.99701692017,3.0,7.03262731482,7.02
1.0,63.6068654477,-1.59008084749,6.58860967784,5.32865439765,0.0955784255278,5.92524068627,0.996924172271,3.0,7.03307407407,7.02
1.0,63.4222381185,-1.56911447103,6.53520409822,5.28654670968,0.095239696511,5.92482248774,0.996926903363,3.0,7.03377430556,7.02
1.0,63.2376107894,-1.54806100443,6.48294795409,5.24514862168,0.0949367388771,5.92419542892,0.997025113447,3.0,7.03472800926,7.02
1.0,63.0529834602,-1.52692044768,6.43184124543,5.20446013365,0.0946695526261,5.9233595098,0.997530165268,3.0,7.03593518519,7.02
1.0,62.868356131,-1.50569280079,6.38188397226,5.1644812456,0.094438137758,5.92231473039,0.998520568629,3.0,7.03739583333,7.02
1.0,62.6837288018,-1.48437806377,6.33307613458,5.12521195752,0.0942424942728,5.92106109068,0.999996323531,3.0,7.03908564815,7.02
1.0,62.4991014726,-1.4629762366,6.28541773237,5.08703314528,0.0940826221704,5.91959859068,1.00195742997,3.0,7.04074349647,7.02
1.0,62.3144741434,-1.44148731929,6.23982204104,5.05003746972,0.093958521451,5.91806917892,1.00440388796,3.0,7.04216798942,7.02
1.0,62.1298468142,-1.41991131184,6.19567363653,5.01422493084,0.0938701921145,5.91653976716,1.00733569748,3.0,7.04335912699,7.02
1.0,61.945219485,-1.39824821425,6.15243850741,4.97959552864,0.0938176341608,5.91501035539,1.01075285854,3.0,7.04431690917,7.02
1.0,61.7605921558,-1.37649802652,6.11011665367,4.94614926312,0.0938008475901,5.91348094363,1.01400826004,3.0,7.04504133598,7.02
1.0,61.5759648266,-1.35474599589,6.06870807531,4.9136923937,0.0938198324022,5.91195153186,1.01705590632,3.0,7.04553240741,7.02
1.0,61.3939599957,-1.333112704,6.02821277234,4.88206396666,0.0938498084214,5.91040019853,1.01989579739,3.0,7.04579012346,7.02
1.0,61.2216170005,-1.31159815085,5.98863074475,4.851263982,0.0938797844406,5.90879316912,1.02252793324,3.0,7.04581448413,7.02
1.0,61.0492740053,-1.29020233642,5.94996199255,4.82129243973,0.0939097604598,5.90713044363,1.02495231388,3.0,7.04560548942,7.02
1.0,60.8769310102,-1.26892526073,5.91045082955,4.79214933984,0.0939397364789,5.90541202206,1.02716893931,3.0,7.04516313933,7.02
1.0,60.704588015,-1.24776692377,5.86972414051,4.76383468234,0.0939697124981,5.90363790441,1.02917780953,3.0,7.04451940035,7.02
1.0,60.5322450198,-1.22672732554,5.82778192542,4.73634846721,0.0939996885173,5.90180809068,1.03097892453,3.0,7.04387566138,7.02
1.0,60.3599020246,-1.20580646605,5.78466179265,4.70969069448,0.0940296645365,5.89992258088,1.03257228432,3.0,7.0432319224,7.02
1.0,60.1875590294,-1.18500434529,5.74047821037,4.68386136412,0.0940596405557,5.897981375,1.0339074183,3.0,7.04258818342,7.02
1.0,60.0152160342,-1.16432096326,5.69523117858,4.65886047615,0.0940896165749,5.89598447304,1.03493931808,3.0,7.04194444445,7.02
1.0,59.8428730391,-1.14381714271,5.64892069728,4.63385713625,0.094119592594,5.893931875,1.03566798366,3.0,7.04130070547,7.02
1.0,59.67487787,-1.12455795769,5.60154676648,4.60849910206,0.0941495686132,5.89182358088,1.03630377623,3.0,7.04065696649,7.02
1.0,59.5455300439,-1.10654340817,5.55400639613,4.58278637357,0.0941795446324,5.88965959069,1.03700112763,3.0,7.04001322751,7.02
1.0,59.4161822178,-1.08977349417,5.5075313777,4.55677040779,0.0942095206516,5.88743990441,1.03776003784,3.0,7.03936948854,7.02
1.0,59.2868343917,-1.07424821568,5.4621217112,4.53085574445,0.0942394966708,5.88516452206,1.03858050688,3.0,7.03872574956,7.02
1.0,59.1574865657,-1.05996757271,5.41777739662,4.50504238353,0.09426947269,5.88300900735,1.03946253475,3.0,7.03808201058,7.02
1.0,59.0281387396,-1.04693156525,5.37449843396,4.47933032505,0.0942994487092,5.88106235294,1.04040612143,3.0,7.03743827161,7.02
1.0,58.8987909135,-1.0351401933,5.33228482323,4.45371956899,0.0943294247283,5.87932455882,1.04141126694,3.0,7.03679453263,7.02
1.0,58.7694430874,-1.02459345687,5.29113656442,4.42821011537,0.0943594007475,5.877795625,1.04247797128,3.0,7.03615079365,7.02
1.0,58.6400952613,-1.01518273781,5.25105365753,4.40280196417,0.0943893767667,5.87647555147,1.04360623444,3.0,7.03550705467,7.02
1.0,58.5107474352,-1.00689791553,5.21203610256,4.3774951154,0.0944193527859,5.87536433823,1.04479605642,3.0,7.0348633157,7.02
1.0,58.3813996092,-0.99973899003,5.17425713701,4.35228956906,0.0944493288051,5.87446198529,1.04604743722,3.0,7.03421957672,7.02
1.0,58.2702712448,-0.993705961312,5.13775636531,4.32718532515,0.0944793048243,5.87376849265,1.04704901411,3.0,7.03357583774,7.02
1.0,58.1593499197,-0.988798829375,5.10253378747,4.30218238367,0.0945092808435,5.87328386029,1.04772227726,3.0,7.03293209877,7.02
1.0,58.0484285947,-0.985017594219,5.06858940348,4.27728074462,0.0945392568626,5.87300808823,1.0480672267,3.0,7.03243359788,7.02
1.0,57.9375072696,-0.982362255845,5.03592321334,4.252480408,0.0945692328818,5.87294117647,1.0480838624,3.0,7.03232777778,7.02
1.0,57.8265859446,-0.980832814253,5.00362194168,4.22778137381,0.094599208901,5.87294117647,1.04777218439,3.0,7.03261463845,7.02
1.0,57.7156646195,-0.980429269441,4.97168558848,4.20318364205,0.0946291849202,5.87294117647,1.04713219264,3.0,7.03329417989,7.02
1.0,57.6047432945,-0.981151621412,4.94011415376,4.17868721272,0.0946591609394,5.87294117647,1.04616388717,3.0,7.03436640212,7.02
1.0,57.4938219694,-0.982999870163,4.9089076375,4.15429208581,0.0946891369586,5.87294117647,1.04551437909,3.0,7.03583130512,7.02
1.0,57.3829006444,-0.985974015696,4.87806603972,4.13019200192,0.0947191129778,5.87294117647,1.04522966403,3.0,7.03768888889,7.02
1.0,57.2719793193,-0.99007405801,4.8475893604,4.10654791476,0.0947490889969,5.87294117647,1.04530974201,3.0,7.03993915344,7.02
1.0,57.1610579943,-0.995299997106,4.81747759956,4.08335982432,0.0947790650161,5.87294117647,1.04575461301,3.0,7.04258209877,7.02
1.0,57.0558561309,-1.00165183298,4.78773075718,4.06062773061,0.0948090410353,5.87291857516,1.04656427704,3.0,7.04561772487,7.02
1.0,56.97487787,-1.00912956564,4.75834883328,4.03835163362,0.0948390170545,5.87285884314,1.04773873409,3.0,7.04846851852,7.02
1.0,56.8938996092,-1.01773319508,4.72933182784,4.01653153336,0.0948689930737,5.87276198039,1.04927798418,3.0,7.05076569665,7.02
1.0,56.8129213483,-1.0274627213,4.70067974088,3.99516742983,0.0948989690929,5.87262798693,1.05118202729,3.0,7.05250925926,7.02
1.0,56.7319430874,-1.03831814431,4.67235645028,3.97430455579,0.0949289451121,5.87245686274,1.05332525714,3.0,7.05369920635,7.02
1.0,56.6509648265,-1.05029946409,4.64432337982,3.95397364398,0.0949589211312,5.87224860784,1.05557678492,3.0,7.05433553792,7.02
1.0,56.5699865657,-1.06340668065,4.61658052949,3.93417469442,0.0949888971504,5.87200322222,1.05793661063,3.0,7.05441825397,7.02
1.0,56.4890083048,-1.07757897125,4.58912789931,3.91490770709,0.0950188731696,5.87172070588,1.06040473426,3.0,7.0539473545,7.02
1.0,56.4080300439,-1.09100276775,4.56196548926,3.896172682,0.0950488491888,5.87140105882,1.06277079464,3.0,7.0529228395,7.02
1.0,56.327051783,-1.10350695428,4.53509329935,3.87796961914,0.095078825208,5.87104428105,1.06488035991,3.0,7.05134470899,7.02
1.0,56.2460735222,-1.11509153081,4.50851132958,3.86024706151,0.0951088012272,5.87065037255,1.06673343009,3.0,7.04921296296,7.02
1.0,56.1650952613,-1.12575649736,4.48221957995,3.84260046939,0.0951387772464,5.87021933333,1.06833000516,3.0,7.04695987654,7.02
1.0,56.0841170004,-1.13550185392,4.45621805046,3.82502984279,0.0951687532655,5.8697511634,1.06967008514,3.0,7.04470679012,7.02
1.0,56.0031387396,-1.14432760049,4.43050674111,3.80753518169,0.0951987292847,5.86924586274,1.07075367002,3.0,7.04251888889,7.02
1.0,55.942703957,-1.15223373708,4.40508565189,3.7901164861,0.0952287053039,5.86870343137,1.07158075981,3.0,7.04047518518,7.02
1.0,55.8907474352,-1.15922026368,4.37995478282,3.77277375603,0.0952586813231,5.86812386928,1.07250343782,3.0,7.03857567901,7.02
1.0,55.8387909135,-1.16528718029,4.35511413388,3.75550699146,0.0952886573423,5.86750717647,1.07386582173,3.0,7.03682037037,7.02
1.0,55.7868343918,-1.17043448691,4.33056370508,3.73831619241,0.0952886573423,5.86685335294,1.07566791151,3.0,7.03520925926,7.02
1.0,55.7348778701,-1.17466218355,4.30613025893,3.72120135886,0.0952561379033,5.86616239869,1.07790970717,3.0,7.03374234568,7.02
1.0,55.6829213483,-1.1779702702,4.28177419099,3.70416249083,0.0951910990253,5.86543431373,1.08059120872,3.0,7.03241962963,7.02
1.0,55.6309648266,-1.18035874687,4.25749550126,3.68719958831,0.0950935407084,5.8646712465,1.08371241615,3.0,7.03137148148,7.02
1.0,55.5790083049,-1.18182761354,4.23329418973,3.6703126513,0.0949634629524,5.86402752801,1.08727332946,3.0,7.03068382716,7.02
1.0,55.5294672421,-1.18237687023,4.20917025641,3.6535016798,0.0948008657574,5.86350315826,1.09075848025,3.0,7.03035666667,7.02
1.0,55.4861097541,-1.18200651694,4.18554419697,3.63676667381,0.0946057491235,5.86309813725,1.09387883801,3.0,7.03032481482,7.02
1.0,55.4427522662,-1.18071655365,4.16276874512,3.62010763334,0.0943781130505,5.86281246499,1.09663440274,3.0,7.03050925926,7.02
1.0,55.3993947783,-1.17850698038,4.14084390084,3.60352455837,0.0941179575386,5.86264614146,1.09902517444,3.0,7.03091,7.02
1.0,55.3560372904,-1.17537779712,4.11976966414,3.58701744891,0.0938252825876,5.86259916667,1.10105115311,3.0,7.03152703704,7.02
1.0,55.3126798024,-1.17132900388,4.09954603502,3.57058630497,0.0935000881977,5.86267154062,1.10271233875,3.0,7.03236037037,7.02
1.0,55.2693223145,-1.16636060065,4.08017301348,3.55423112653,0.0931423743687,5.86286326331,1.10400873137,3.0,7.03341,7.02
1.0,55.2259648266,-1.16047258743,4.06165059951,3.53795191361,0.0927521411008,5.86317433473,1.10494033096,3.0,7.03467407407,7.02
1.0,55.1826073387,-1.15366496422,4.04397879311,3.5217486662,0.0923293883939,5.86362735621,1.10550713751,3.0,7.03588888889,7.02
1.0,55.1392498507,-1.14593773103,4.0271575943,3.50564380018,0.0918741162479,5.86423685714,1.10570915105,3.0,7.03696851852,7.02
1.0,55.097703957,-1.13729088785,4.01118700306,3.48964617677,0.091386324663,5.86500283753,1.10554637155,3.0,7.03791296296,7.02
1.0,55.0650952614,-1.12772443468,3.9960670194,3.47375579596,0.0908660136391,5.86592529739,1.10501879902,3.0,7.03872222222,7.02
1.0,55.0324865657,-1.11723837153,3.98179615706,3.45792742501,0.0903131831762,5.86700423669,1.10432227941,3.0,7.0393962963,7.02
1.0,54.99987787,-1.10583269839,3.96829852409,3.44213033115,0.0897552295391,5.86823965546,1.103765,3.0,7.03993518518,7.02
1.0,54.9672691744,-1.09350741526,3.95557412048,3.42636451439,0.0892211234906,5.86963155369,1.10334696079,3.0,7.04033888889,7.02
1.0,54.9346604787,-1.08026252215,3.94362294625,3.41062997473,0.0887108650307,5.87117993137,1.10306816177,3.0,7.04060740741,7.02
1.0,54.9020517831,-1.06684651313,3.93244500139,3.39492671216,0.0882244541594,5.87288478852,1.10292860294,3.0,7.04074074074,7.02
1.0,54.8694430874,-1.05343050411,3.9220402859,3.3792547267,0.0877618908767,5.87474612512,1.10292828432,3.0,7.04074074074,7.02
1.0,54.8368343918,-1.04040317818,3.91240879977,3.36361401834,0.0873231751826,5.87666944538,1.10306720588,3.0,7.04074074074,7.02
1.0,54.8042256961,-1.02782305256,3.90355054302,3.34800458707,0.0869083070771,5.87862989636,1.10334536765,3.0,7.04074074074,7.02
1.0,54.7716170005,-1.01569012723,3.89546551564,3.3324264329,0.0865172865602,5.88062747806,1.10374577615,3.0,7.04074074074,7.02
1.0,54.7390083048,-1.00400440221,3.88815371762,3.31687955584,0.0861501136319,5.88266219048,1.10391411765,3.0,7.04068111111,7.02
1.0,54.7063996092,-0.99276587749,3.88161514898,3.30136395587,0.0858067882922,5.88473403361,1.10385039216,3.0,7.04043222222,7.02
1.0,54.6737909135,-0.981974553068,3.87584980971,3.28587963299,0.0854873105411,5.88684300747,1.10320251634,3.0,7.03999407407,7.02
1.0,54.6338150681,-0.971630428947,3.8708576998,3.27042658722,0.0851916803785,5.88898911204,1.10162637255,3.0,7.03936666667,7.02
1.0,54.5904575802,-0.961733505127,3.86663881927,3.25500481855,0.0849498738238,5.89117234734,1.09912196079,3.0,7.03855,7.02
1.0,54.5471000922,-0.952283781608,3.8631931681,3.23961432698,0.0847644342966,5.89339271335,1.09568928105,3.0,7.03754407407,7.02
1.0,54.5037426043,-0.943281258389,3.86052074631,3.2242551125,0.084635361797,5.89565021008,1.09132833334,3.0,7.03634888889,7.02
1.0,54.4603851164,-0.93472593547,3.85862155388,3.20892717512,0.084562656325,5.89794268907,1.08603911765,3.0,7.03515153439,7.02
1.0,54.4170276285,-0.926617812853,3.85749559083,3.19363051485,0.0845463178806,5.90011581933,1.07982163399,3.0,7.03416661376,7.02
1.0,54.3736701406,-0.918956890536,3.85714285714,3.17836513167,0.0845863464638,5.90216960084,1.07319135077,3.0,7.03339412699,7.02
1.0,54.3303126526,-0.911743168519,3.85714285714,3.16313102559,0.0846827420746,5.90410403361,1.06643729848,3.0,7.03289370371,7.02
1.0,54.2869551647,-0.904976646803,3.85714285714,3.1479281966,0.0848355047129,5.90591911765,1.05955947713,3.0,7.03279497355,7.02
1.0,54.2435976768,-0.898657325388,3.85714285714,3.13275664472,0.0850446343789,5.90761485294,1.05299069717,3.0,7.03309793651,7.02
1.0,54.2002401889,-0.892785204274,3.85714285714,3.11761636994,0.0853101310725,5.90919123949,1.04692651417,3.0,7.03380259259,7.02
1.0,54.1568827009,-0.88736028346,3.85714285714,3.10250737225,0.0856319947936,5.91064827731,1.04136692811,3.0,7.0349089418,7.02
1.0,54.113525213,-0.882382562947,3.85714285714,3.08742965167,0.0860102255423,5.91198596639,1.036311939,3.0,7.03641698413,7.02
1.0,54.0701677251,-0.877852042734,3.85714285714,3.07238758016,0.0864448233187,5.91320430672,1.03176154684,3.0,7.03832671958,7.02
1.0,54.0268102372,-0.873768722822,3.85714285714,3.05740458625,0.086915137976,5.91430329832,1.02771575164,3.0,7.04029444445,7.02
1.0,53.9935537594,-0.870132603211,3.85714285714,3.04245825403,0.0873822006895,5.91528294117,1.02417455338,3.0,7.04208353175,7.02
1.0,53.9697395301,-0.8669436839,3.85714285714,3.02753972231,0.0878460114591,5.91614323529,1.02113795207,3.0,7.04369398148,7.02
1.0,53.9459253009,-0.86420196489,3.85689041296,3.01264899107,0.0883065702848,5.91688418067,1.01860594772,3.0,7.04512579365,7.02
1.0,53.9221110716,-0.861907446181,3.85542244272,2.99778606031,0.0887638771665,5.91750577731,1.01650830066,3.0,7.04637896826,7.02
1.0,53.8982968424,-0.860060127772,3.85273894644,2.98295093004,0.0891905358396,5.91800802521,1.01466771242,3.0,7.04745350529,7.02
1.0,53.8744826131,-0.858660009664,3.84883992412,2.96814360026,0.0895575755411,5.91839092437,1.01308418301,3.0,7.04834940476,7.02
1.0,53.8506683839,-0.857707091856,3.84372537575,2.95336407096,0.0898649962712,5.91865447479,1.01175771242,3.0,7.04906666667,7.02
1.0,53.8268541546,-0.857201374349,3.83739530133,2.93861234215,0.0901127980298,5.91879867647,1.01068830066,3.0,7.04960529101,7.02
1.0,53.8030399254,-0.857142857143,3.82984970086,2.92388841382,0.0903009808169,5.91882352941,1.00987594772,3.0,7.04996527778,7.02
1.0,53.7792256961,-0.857142857143,3.82108857435,2.90919228598,0.0904295446325,5.91882352941,1.0093206536,3.0,7.05030324074,7.02
1.0,53.7554114669,-0.857142857143,3.81111192178,2.89452395863,0.0904984894766,5.91882352941,1.0090224183,3.0,7.05096468254,7.02
1.0,53.7315972376,-0.857142857143,3.79991974318,2.87988343176,0.0905078153492,5.91882352941,1.0089982353,3.0,7.05197857143,7.02
1.0,53.7077830084,-0.857142857143,3.78751203852,2.86527070538,0.0904575222503,5.91882352941,1.00918607377,3.0,7.05334490741,7.02
1.0,53.6839687791,-0.857142857143,3.77388880782,2.85068577949,0.09034761018,5.91882352941,1.00950652194,3.0,7.05506369047,7.02
1.0,53.6601545499,-0.857142857143,3.7592160824,2.83612865408,0.0901780791381,5.91881917483,1.00995957983,3.0,7.05713492063,7.02
1.0,53.6363403207,-0.857142857143,3.74369274941,2.82159932915,0.0899489291248,5.91876840686,1.01054524743,3.0,7.05955859788,7.02
1.0,53.6125260914,-0.857142857143,3.72731880884,2.80709780472,0.0896811433534,5.91867122549,1.01126352475,3.0,7.06233472222,7.02
1.0,53.5887118622,-0.857142857143,3.71009426069,2.79262408076,0.0893895099934,5.91852763072,1.01211441177,3.0,7.06546329365,7.02
1.0,53.5648976329,-0.857142857143,3.69201910497,2.7781781573,0.0890740290449,5.91833762255,1.0130979085,3.0,7.06894431217,7.02
1.0,53.549998643,-0.857142857143,3.67309334167,2.76376003432,0.0887347005077,5.91810120098,1.01421401494,3.0,7.07241587302,7.02
1.0,53.5353046012,-0.857142857143,3.65331697079,2.74936971182,0.0883715243819,5.91781836601,1.01546273109,3.0,7.07481560847,7.02
1.0,53.5206105593,-0.857142857143,3.63268999234,2.73500718982,0.0879845006676,5.91748911765,1.01695661107,3.0,7.07611455026,7.02
1.0,53.5059165174,-0.857142857143,3.61121240631,2.72067246829,0.0875736293646,5.91711345588,1.01907496223,3.0,7.07631269841,7.02
1.0,53.4912224756,-0.857142857143,3.5888842127,2.70636554726,0.087138910473,5.91669138072,1.02181778457,3.0,7.07541005291,7.02
1.0,53.4765284337,-0.857142857143,3.56570541151,2.69208642671,0.0866803439929,5.91622289216,1.02475226764,3.0,7.07340661376,7.02
1.0,53.4618343918,-0.857142857143,3.54167600275,2.67783510664,0.0861979299241,5.91570799019,1.02768285587,3.0,7.07030238095,7.02
1.0,53.44714035,-0.857142857143,3.51679598641,2.66361158706,0.0856916682668,5.91514667484,1.03060954928,3.0,7.0660973545,7.02
1.0,53.4324463081,-0.857142857143,3.4910653625,2.64941586797,0.0851615590209,5.91453894608,1.03353234785,3.0,7.06079153439,7.02
1.0,53.4177522662,-0.857142857143,3.46448413101,2.63524357738,0.0846076021863,5.91388480392,1.03645125159,3.0,7.05438492064,7.02
1.0,53.4030582244,-0.857142857143,3.43705229194,2.62079538494,0.0840504479098,5.91318424836,1.03936626051,3.0,7.04786132275,7.02
1.0,53.3883641825,-0.857142857143,3.40876984529,2.60604637282,0.0835290650161,5.91243727941,1.04227737459,3.0,7.04217844797,7.02
1.0,53.3736701406,-0.857142857143,3.37963679107,2.59099654102,0.0830434535053,5.91156933823,1.04518459384,3.0,7.0373362963,7.02
1.0,53.3589760988,-0.857142857143,3.34990557345,2.57564588953,0.0825936133774,5.91053430882,1.04808791826,3.0,7.03333486773,7.02
1.0,53.3442820569,-0.857142857143,3.32053927431,2.55999441836,0.0821795446324,5.90933219118,1.05098734785,3.0,7.03017416226,7.02
1.0,53.3179938121,-0.857142857143,3.29153789364,2.5440421275,0.0818012472703,5.90796298529,1.05388288261,3.0,7.0278541799,7.02
1.0,53.2889680472,-0.857142857143,3.26290143143,2.52778901696,0.0814587212911,5.90642669118,1.05677452254,3.0,7.02637492064,7.02
1.0,53.2599422823,-0.857142857143,3.2346298877,2.51123508674,0.0811519666947,5.90472330882,1.05961288038,3.0,7.02573638448,7.02
1.0,53.2309165174,-0.857142857143,3.20672326244,2.49438033684,0.0808809834813,5.90285283823,1.06205493921,3.0,7.02593857143,7.02
1.0,53.2018907525,-0.857142857143,3.17918155564,2.47722476725,0.0806457716508,5.90081527941,1.06410069901,3.0,7.02698148148,7.02
1.0,53.1728649876,-0.857142857143,3.15200476732,2.45976837798,0.0804431908583,5.89861063235,1.06575015979,3.0,7.02824320988,7.02
1.0,53.1438392228,-0.857142857143,3.12519289747,2.44201116902,0.0802508304609,5.89623889706,1.06700332156,3.0,7.02950493827,7.02
1.0,53.1148134579,-0.857142857143,3.09874594608,2.42395314038,0.0800686904586,5.89370007353,1.0678601843,3.0,7.03076666667,7.02
1.0,53.085787693,-0.857142857143,3.07266391317,2.40559429206,0.0798967708514,5.89099416176,1.06873709257,3.0,7.03202839506,7.02
1.0,53.0567619281,-0.857142857143,3.04694679873,2.38693462406,0.0797350716394,5.88812116176,1.06971345811,3.0,7.03329012346,7.02
1.0,53.0277361632,-0.857142857143,3.02142857142,2.36797413637,0.0795835928224,5.8850854281,1.07078928094,3.0,7.03455185185,7.02
1.0,52.9987103983,-0.857142857143,2.99591034412,2.348712829,0.0794423344006,5.88201143791,1.07196456105,3.0,7.03581358025,7.02
1.0,52.9696846334,-0.857142857143,2.97039211682,2.32915070194,0.0792903131605,5.87890959967,1.07323929845,3.0,7.03707530864,7.02
1.0,52.9406588685,-0.857142857143,2.94487388951,2.30909235883,0.0791127409325,5.8757799134,1.07462534607,3.0,7.03833703704,7.02
1.0,52.9116331036,-0.857142857143,2.91942263662,2.28829089936,0.0789096177168,5.87262237908,1.07619439509,3.0,7.03959876543,7.02
1.0,52.8826073387,-0.857142857143,2.89404876194,2.26674632353,0.0786809435133,5.86943699673,1.07794644551,3.0,7.04081685185,7.02
1.0,52.8535815738,-0.857142857143,2.86875226546,2.24445863134,0.0784267183221,5.86622376634,1.07988149733,3.0,7.04180737655,7.02
1.0,52.8245558089,-0.857142857143,2.84353314719,2.22142782279,0.078146942143,5.86298268791,1.08188699644,3.0,7.04257033951,7.02
1.0,52.795530044,-0.857142857143,2.81839140713,2.19765389788,0.0778416149762,5.85971376144,1.08358363548,3.0,7.04310574074,7.02
1.0,52.7665042791,-0.857142857143,2.79332704528,2.17313685661,0.0775107368215,5.85641698693,1.08497141444,3.0,7.04341358025,7.02
1.0,52.7374785142,-0.857142857143,2.76834006163,2.14787669897,0.0771543076791,5.85309236438,1.08605033334,3.0,7.04349385803,7.02
1.0,52.7084527493,-0.857142857143,2.74343045619,2.12187342498,0.076772327549,5.84973989379,1.08682039216,3.0,7.04334657408,7.02
1.0,52.6794269844,-0.857142857143,2.71859822896,2.09512703462,0.076364796431,5.84635957516,1.08728159091,3.0,7.0429717284,7.02
1.0,52.6504012195,-0.857142857143,2.69384337993,2.06763752791,0.0759317143253,5.8429514085,1.08743392959,3.0,7.04236932099,7.02
1.0,52.6213754546,-0.857142857143,2.66916590911,2.03940490483,0.0754730812317,5.83951539379,1.0872774082,3.0,7.04153935186,7.02
1.0,52.5923496897,-0.857142857143,2.6445658165,2.01070506724,0.0749888971504,5.83605153105,1.08681202674,3.0,7.04052546297,7.02
1.0,52.5633239248,-0.857142857143,2.6200431021,1.98156293297,0.0744791620814,5.83255982026,1.08603778521,3.0,7.03952792023,7.02
1.0,52.5342981599,-0.857142857143,2.5955977659,1.95197850203,0.0739438760245,5.82911482026,1.08500311498,3.0,7.03860056981,7.02
1.0,52.505272395,-0.857142857143,2.57122980791,1.92195177441,0.0733830389798,5.82576264706,1.08377716528,3.0,7.03774341169,7.02
1.0,52.4762466301,-0.857142857143,2.54693922813,1.89148275011,0.0728022655034,5.82250330065,1.08235993613,3.0,7.03695644587,7.02
1.0,52.445530044,-0.857142857143,2.52272602655,1.86057142913,0.0722044580351,5.81933678105,1.08075142751,3.0,7.03623967237,7.02
1.0,52.4129213483,-0.857142857143,2.49859020318,1.82921781148,0.0715896165749,5.81628483987,1.07895163944,3.0,7.03559309117,7.02
1.0,52.3803126527,-0.857142857143,2.47422968559,1.79742189715,0.0709577411229,5.81339998693,1.07700995915,3.0,7.03501670228,7.02
1.0,52.347703957,-0.857142857143,2.44917231134,1.76518368614,0.070308831679,5.81068222222,1.0752694036,3.0,7.0345105057,7.02
1.0,52.3150952614,-0.857142857143,2.42341808042,1.73250317845,0.0696428882433,5.80813154575,1.07372997277,3.0,7.03407450143,7.02
1.0,52.2824865657,-0.857142857143,2.39696699285,1.69938037409,0.0689630511606,5.80574795752,1.07239166667,3.0,7.03370868946,7.02
1.0,52.2498778701,-0.857142857143,2.36981904861,1.66581527305,0.0682917310738,5.80353145752,1.0712544853,3.0,7.03339672365,7.02
1.0,52.2172691744,-0.857142857143,2.3419742477,1.6321495757,0.0676289279829,5.80148204575,1.07031842865,3.0,7.03308475784,7.02
1.0,52.1846604788,-0.857142857143,2.31343259014,1.59840650015,0.066974641888,5.79959972222,1.06958349673,3.0,7.03277279203,7.02
1.0,52.1520517831,-0.857142857143,2.28419407591,1.56458604638,0.066328872789,5.79788448693,1.06904629085,3.0,7.03246082621,7.02
1.0,52.1194430875,-0.857142857143,2.25425870502,1.53068821441,0.0656916206859,5.79633633987,1.06864832517,3.0,7.0321488604,7.02
1.0,52.0868343918,-0.857142857143,2.22362647747,1.49671300424,0.0650628855788,5.79487286275,1.06838959968,3.0,7.03183689459,7.02
1.0,52.0542256962,-0.857142857143,2.19229739326,1.46266041585,0.0644426674676,5.79348364706,1.06827011438,3.0,7.03152492878,7.02
1.0,52.0216170005,-0.857142857143,2.16027145238,1.42872584563,0.0638309663523,5.79216869281,1.06827801634,3.0,7.03121296296,7.02
1.0,51.9890083049,-0.857142857143,2.12748168042,1.39515619388,0.0632277822329,5.790928,1.06834161438,3.0,7.0310218839,7.02
1.0,51.9563996092,-0.857142857143,2.0939176736,1.3619514606,0.0626331151094,5.78976156863,1.06851791385,3.0,7.03111547365,7.02
1.0,51.9237909136,-0.857142857143,2.05957943191,1.32911164579,0.0620469649819,5.78866939869,1.06885117499,3.0,7.03149373219,7.02
1.0,51.8911822179,-0.857142857143,2.02446695534,1.29663674945,0.0614693318503,5.7876514902,1.0693413978,3.0,7.03215665955,7.02
1.0,51.8585735223,-0.857142857143,1.98858024391,1.26452677158,0.0609002157147,5.78691784314,1.0699885823,3.0,7.0331042557,7.02
1.0,51.8259648266,-0.857142857143,1.95191929761,1.23278171218,0.0603396165749,5.78651551634,1.07079272846,3.0,7.03433652066,7.02
1.0,51.793356131,-0.857142857143,1.91448411644,1.20140157125,0.0597875344311,5.78644450981,1.07175383631,3.0,7.03585345442,7.02
1.0,51.7607474353,-0.857142857143,1.85132467092,1.17038634879,0.0592439692832,5.78670482353,1.07287190583,3.0,7.03765505698,7.02
1.0,51.7281387396,-0.857142857143,1.78824574408,1.1397360448,0.0587089211313,5.78729645752,1.07414693702,3.0,7.03974132835,7.02
1.0,51.695530044,-0.857142857143,1.72524733592,1.10939896615,0.0581823899753,5.78821941177,1.07557892989,3.0,7.04211226852,7.02
1.0,51.6629213483,-0.857142857143,1.66232944644,1.0790618875,0.0576643758152,5.78947368628,1.07716788443,3.0,7.04464699074,7.02
1.0,51.6303126527,-0.857142857143,1.59949207564,1.04872480885,0.057154878651,5.79105928105,1.07891380066,3.0,7.04693773148,7.02
1.0,51.597703957,-0.857142857143,1.53673522351,1.0183877302,0.0566538984827,5.79297619608,1.08081667855,3.0,7.04870462963,7.02
1.0,51.5650952614,-0.857142857143,1.47405889006,0.988050651546,0.0561614353104,5.79522443137,1.08282808675,3.0,7.04994768519,7.02
1.0,51.5324865657,-0.857142857143,1.41146307529,0.957713572894,0.055677489134,5.79780398693,1.08487887602,3.0,7.05066689815,7.02
1.0,51.49987787,-0.857142857143,1.3489477792,0.927376494243,0.0551964453976,5.80071486275,1.08696904635,3.0,7.05086226852,7.02
1.0,51.4672691744,-0.857142857143,1.28651300179,0.897039415591,0.0547154016611,5.80395705882,1.08898215389,3.0,7.0505337963,7.02
1.0,51.4346604787,-0.857142857143,1.22415874306,0.86670233694,0.0542343579247,5.80750882353,1.09078147851,3.0,7.04968148148,7.02
1.0,51.4020517831,-0.857142857143,1.16218707543,0.836365258288,0.0537533141882,5.81131764706,1.0923670202,3.0,7.04830532408,7.02
1.0,51.3694430874,-0.857142857143,1.10107016135,0.806028179637,0.0532722704518,5.81538352941,1.09373877897,3.0,7.04640532408,7.02
1.0,51.341761928,-0.857142857143,1.04080800082,0.775691100986,0.0527991251585,5.81970647059,1.0948967548,3.0,7.04398148148,7.02
1.0,51.3156025077,-0.857142857143,0.981400593834,0.745413173353,0.0523430138571,5.82428647059,1.09584094771,3.0,7.04127777778,7.02
1.0,51.2894430874,-0.857142857143,0.922847940398,0.715287322259,0.0519039365475,5.82887470588,1.0965713577,3.0,7.03873068783,7.02
1.0,51.2632836671,-0.857142857143,0.86515004051,0.684971847335,0.0514818932298,5.83346294118,1.09708798475,3.0,7.03649259259,7.02
1.0,51.2371242468,-0.857142857143,0.808306894169,0.654443530479,0.0510768839039,5.83805117647,1.09739082888,3.0,7.03456349207,7.02
1.0,51.2109648265,-0.857142857143,0.752318501377,0.623702371692,0.0506889085699,5.84263941176,1.09748328877,3.0,7.03294338625,7.02
1.0,51.1848054063,-0.857142857143,0.697184862132,0.592748370973,0.0503179672277,5.84722764706,1.09742385027,3.0,7.03163227513,7.02
1.0,51.158645986,-0.857142857143,0.642905976435,0.561581528322,0.0499640598774,5.85181588235,1.09721251337,3.0,7.03063015873,7.02
1.0,51.133935841,-0.857142857143,0.589481844286,0.530201843739,0.0496271865189,5.85640411765,1.09684927808,3.0,7.02993703704,7.02
1.0,51.1120759377,-0.857142857143,0.536912465685,0.498609317225,0.0493073471523,5.86099235294,1.09633414439,3.0,7.02955291005,7.02
1.0,51.0902160343,-0.857142857143,0.485197840632,0.46680394878,0.0490045417776,5.86558058823,1.0956671123,3.0,7.02947777778,7.02
1.0,51.0683561309,-0.857142857143,0.434337969127,0.434785738402,0.0487187703947,5.87016882353,1.09484540107,3.0,7.02971164021,7.02
1.0,51.0464962275,-0.857142857143,0.384332851169,0.402554686093,0.0484500330036,5.87475705882,1.09392242424,3.0,7.03034160053,7.02
1.0,51.0246363242,-0.857142857143,0.33518248676,0.370110791853,0.0481963312032,5.87934529412,1.09289818182,3.0,7.03123710317,7.02
1.0,51.0027764208,-0.857142857143,0.286886875898,0.33745405568,0.0479238920117,5.88372352941,1.0917726738,3.0,7.03239814815,7.02
1.0,50.9809165174,-0.857142857143,0.239446018584,0.305600691032,0.0476327154291,5.88784470588,1.09054590018,3.0,7.03382473545,7.02
1.0,50.959056614,-0.857142857143,0.192859914818,0.274597933961,0.0473228014555,5.89170882353,1.08921786096,3.0,7.03551686508,7.02
1.0,50.9371967106,-0.857142857143,0.172078594076,0.244445784467,0.0469941500909,5.89531588235,1.08778855615,3.0,7.03747453704,7.02
1.0,50.9118861516,-0.857142857143,0.151297273333,0.215144242549,0.0466467613352,5.89866588235,1.08625798574,3.0,7.03969775132,7.02
1.0,50.8746708307,-0.857142857143,0.130515952591,0.186745001342,0.0462806351885,5.90175882353,1.08462614974,3.0,7.04218650793,7.02
1.0,50.8374555098,-0.857142857143,0.109734631848,0.159561286181,0.0458957716508,5.90459470588,1.08289304813,3.0,7.04494080688,7.02
1.0,50.8002401889,-0.857142857143,0.0889533111058,0.133593097067,0.045492170722,5.90717352941,1.08105868093,3.0,7.04796064815,7.02
1.0,50.763024868,-0.857142857143,0.0681719903633,0.108840434,0.0450698324022,5.90949529412,1.07912304813,3.0,7.05100231481,7.02
1.0,50.7258095471,0.0,0.0,0.0,0.0,5.85,1.0,3.0,7.05361188271,7.02
1.0,50.6885942262,0.0,0.0,0.0,0.0,5.85,1.0,3.0,7.05577083333,7.02
1.0,50.6513789053,0.0,0.0,0.0,0.0,5.85,1.0,3.0,7.05747916666,7.02
1.0,50.6141635844,0.0,0.0,0.0,0.0,5.85,1.0,3.0,7.05873688271,7.02
1.0,50.5769482635,0.0,0.0,0.0,0.0,5.85,1.0,3.0,7.05954398148,7.02
1.0,50.5397329425,0.0,0.0,0.0,0.0,5.85,1.0,3.0,7.05990046296,7.02
1.0,50.5025176216,0.0,0.0,0.0,0.0,5.85,1.0,3.0,7.05980632716,7.02
1.0,50.4741532324,0.0,0.0,0.0,0.0,5.85,1.0,3.0,7.05926157407,7.02
1.0,50.4576677252,0.0,0.0,0.0,0.0,5.85,1.0,3.0,7.0582662037,7.02
1.0,50.4411822179,0.0,0.0,0.0,0.0,5.85,1.0,3.0,7.05682021605,7.02
1.0,50.4246967107,0.0,0.0,0.0,0.0,5.85,1.0,3.0,7.03,7.02
1.0,50.4082112034,0.0,0.0,0.0,0.0,5.85,1.0,3.0,7.03,7.02
1.0,50.3917256962,0.0,0.0,0.0,0.0,5.85,1.0,3.0,7.03,7.02
1.0,50.3752401889,0.0,0.0,0.0,0.0,5.85,1.0,3.0,7.03,7.02
1.0,50.3587546817,0.0,0.0,0.0,0.0,5.85,1.0,3.0,7.03,7.02
