"HHb_d","HbO2_d","CCO_d","HbT_d","Hbdiff_d","SaO2sup","P_a","rocc","PCrPi_d","PCrEPP_d","PiEPP_d","PmeEPP_d","NTPEPP_d","PCrNTP_d","nadir_s","endhi_s","lin_s"
0,0,0,0,0,0.98,50,0,1.6579826927,0.3192609617,0.192559888,0.4945859581,0.2649963091,1.2047751259,0,0,0
-0.01137,-0.00183,0.00685,-0.0132,0.00954,0.98,50,0,1.61124735518,0.31757088927,0.19869889267,0.48959793857,0.26247457302,1.2103971894,0,0,0
-0.02274,-0.00366,0.0137,-0.0264,0.01908,0.98,50,0,1.56451201766,0.31588081684,0.20483789734,0.48460991904,0.25995283694,1.2160192529,0,0,0
-0.03411,-0.00549,0.02055,-0.0396,0.02862,0.98,50,0,1.51777668014,0.31419074441,0.21097690201,0.47962189951,0.25743110086,1.2216413164,0,0,0
-0.04548,-0.00732,0.0274,-0.0528,0.03816,0.98,50,0,1.47104134262,0.31250067198,0.21711590668,0.47463387998,0.25490936478,1.2272633799,0,0,0
-0.05685,-0.00915,0.03425,-0.066,0.0477,0.98,50,0,1.4243060051,0.31081059955,0.22325491135,0.46964586045,0.2523876287,1.2328854434,0,0,0
-0.06822,-0.01098,0.0411,-0.0792,0.05724,0.98,50,0,1.37757066758,0.30912052712,0.22939391602,0.46465784092,0.24986589262,1.2385075069,0,1,1
-0.07959,-0.01281,0.04795,-0.0924,0.06678,0.98,50,0,1.33083533006,0.30743045469,0.23553292069,0.45966982139,0.24734415654,1.2441295704,0,1,1
-0.09096,-0.01464,0.0548,-0.1056,0.07632,0.98,50,0,1.28409999254,0.30574038226,0.24167192536,0.45468180186,0.24482242046,1.2497516339,0,1,1
-0.10233,-0.01647,0.06165,-0.1188,0.08586,0.98,50,0,1.23736465502,0.30405030983,0.24781093003,0.44969378233,0.24230068438,1.2553736974,0,1,1
-0.1137,-0.0183,0.0685,-0.132,0.0954,0.98,50,0,1.1906293175,0.3023602374,0.2539499347,0.4447057628,0.2397789483,1.2609957609,0,1,1
-0.11262,0.000900000000000001,0.06482,-0.11172,0.11351,0.98,50,0,1.21205967365,0.30229488922,0.25002975758,0.44216254647,0.24359896699,1.24343194067,0,1,1
-0.11154,0.0201,0.06114,-0.09144,0.13162,0.98,50,0,1.2334900298,0.30222954104,0.24610958046,0.43961933014,0.24741898568,1.22586812044,0,1,1
-0.11046,0.0393,0.05746,-0.07116,0.14973,0.98,50,0,1.25492038595,0.30216419286,0.24218940334,0.43707611381,0.25123900437,1.20830430021,0,1,1
-0.10938,0.0585,0.05378,-0.05088,0.16784,0.98,50,0,1.2763507421,0.30209884468,0.23826922622,0.43453289748,0.25505902306,1.19074047998,0,1,1
-0.1083,0.0777,0.0501,-0.0306,0.18595,0.98,50,0,1.29778109825,0.3020334965,0.2343490491,0.43198968115,0.25887904175,1.17317665975,0,1,1
-0.10722,0.0969,0.04642,-0.01032,0.20406,0.98,50,0,1.3192114544,0.30196814832,0.23042887198,0.42944646482,0.26269906044,1.15561283952,0,1,1
-0.10614,0.1161,0.04274,0.00996,0.22217,0.98,50,0,1.34064181055,0.30190280014,0.22650869486,0.42690324849,0.26651907913,1.13804901929,0,1,1
-0.10506,0.1353,0.03906,0.03024,0.24028,0.98,50,0,1.3620721667,0.30183745196,0.22258851774,0.42436003216,0.27033909782,1.12048519906,0,1,1
-0.10398,0.1545,0.03538,0.05052,0.25839,0.98,50,0,1.38350252285,0.30177210378,0.21866834062,0.42181681583,0.27415911651,1.10292137883,0,1,1
-0.1029,0.1737,0.0317,0.0708,0.2765,0.98,50,0,1.404932879,0.3017067556,0.2147481635,0.4192735995,0.2779791352,1.0853575586,0,1,1
-0.12032,0.21203,0.03102,0.09171,0.33226,0.98,50,0,1.39222113464,0.30289741775,0.21781627944,0.42084678594,0.27375139228,1.10987700307,0,1,1
-0.13774,0.25036,0.03034,0.11262,0.38802,0.98,50,0,1.37950939028,0.3040880799,0.22088439538,0.42241997238,0.26952364936,1.13439644754,0,1,1
-0.15516,0.28869,0.02966,0.13353,0.44378,0.98,50,0,1.36679764592,0.30527874205,0.22395251132,0.42399315882,0.26529590644,1.15891589201,0,1,1
-0.17258,0.32702,0.02898,0.15444,0.49954,0.98,50,0,1.35408590156,0.3064694042,0.22702062726,0.42556634526,0.26106816352,1.18343533648,0,1,1
-0.19,0.36535,0.0283,0.17535,0.5553,0.98,50,0,1.3413741572,0.30766006635,0.2300887432,0.4271395317,0.2568404206,1.20795478095,0,1,1
-0.20742,0.40368,0.02762,0.19626,0.61106,0.98,50,0,1.32866241284,0.3088507285,0.23315685914,0.42871271814,0.25261267768,1.23247422542,0,1,1
-0.22484,0.44201,0.02694,0.21717,0.66682,0.98,50,0,1.31595066848,0.31004139065,0.23622497508,0.43028590458,0.24838493476,1.25699366989,0,1,1
-0.24226,0.48034,0.02626,0.23808,0.72258,0.98,50,0,1.30323892412,0.3112320528,0.23929309102,0.43185909102,0.24415719184,1.28151311436,0,1,1
-0.25968,0.51867,0.02558,0.25899,0.77834,0.98,50,0,1.29052717976,0.31242271495,0.24236120696,0.43343227746,0.23992944892,1.30603255883,0,1,1
-0.2771,0.557,0.0249,0.2799,0.8341,0.98,50,0,1.2778154354,0.3136133771,0.2454293229,0.4350054639,0.235701706,1.3305520033,0,1,1
-0.27404,0.57541,0.02063,0.30137,0.84945,0.98,50,0,1.27054123539,0.31219600992,0.24573464438,0.43094990121,0.2357409758,1.32432729969,0,1,1
-0.27098,0.59382,0.01636,0.32284,0.8648,0.98,50,0,1.26326703538,0.31077864274,0.24603996586,0.42689433852,0.2357802456,1.31810259608,0,1,1
-0.26792,0.61223,0.01209,0.34431,0.88015,0.98,50,0,1.25599283537,0.30936127556,0.24634528734,0.42283877583,0.2358195154,1.31187789247,0,1,1
-0.26486,0.63064,0.00782,0.36578,0.8955,0.98,50,0,1.24871863536,0.30794390838,0.24665060882,0.41878321314,0.2358587852,1.30565318886,0,1,1
-0.2618,0.64905,0.00355,0.38725,0.91085,0.98,50,0,1.24144443535,0.3065265412,0.2469559303,0.41472765045,0.235898055,1.29942848525,0,1,1
-0.25874,0.66746,-0.000720000000000002,0.40872,0.9262,0.98,50,0,1.23417023534,0.30510917402,0.24726125178,0.41067208776,0.2359373248,1.29320378164,0,1,1
-0.25568,0.68587,-0.00499,0.43019,0.94155,0.98,50,0,1.22689603533,0.30369180684,0.24756657326,0.40661652507,0.2359765946,1.28697907803,0,1,1
-0.25262,0.70428,-0.00926,0.45166,0.9569,0.98,50,0,1.21962183532,0.30227443966,0.24787189474,0.40256096238,0.2360158644,1.28075437442,0,1,1
-0.24956,0.72269,-0.01353,0.47313,0.97225,0.98,50,0,1.21234763531,0.30085707248,0.24817721622,0.39850539969,0.2360551342,1.27452967081,0,1,1
-0.2465,0.7411,-0.0178,0.4946,0.9876,0.98,50,0,1.2050734353,0.2994397053,0.2484825377,0.394449837,0.236094404,1.2683049672,0,1,1
-0.22782,0.73051,-0.01681,0.50269,0.95832,0.98,50,0,1.23405284545,0.30158075558,0.24509773806,0.40121087771,0.23788798932,1.26777840436,0,1,1
-0.20914,0.71992,-0.01582,0.51078,0.92904,0.98,50,0,1.2630322556,0.30372180586,0.24171293842,0.40797191842,0.23968157464,1.26725184152,0,1,1
-0.19046,0.70933,-0.01483,0.51887,0.89976,0.98,50,0,1.29201166575,0.30586285614,0.23832813878,0.41473295913,0.24147515996,1.26672527868,0,1,1
-0.17178,0.69874,-0.01384,0.52696,0.87048,0.98,50,0,1.3209910759,0.30800390642,0.23494333914,0.42149399984,0.24326874528,1.26619871584,0,1,1
-0.1531,0.68815,-0.01285,0.53505,0.8412,0.98,50,0,1.34997048605,0.3101449567,0.2315585395,0.42825504055,0.2450623306,1.265672153,0,1,1
-0.13442,0.67756,-0.01186,0.54314,0.81192,0.98,50,0,1.3789498962,0.31228600698,0.22817373986,0.43501608126,0.24685591592,1.26514559016,0,1,1
-0.11574,0.66697,-0.01087,0.55123,0.78264,0.98,50,0,1.40792930635,0.31442705726,0.22478894022,0.44177712197,0.24864950124,1.26461902732,0,1,1
-0.09706,0.65638,-0.00988,0.55932,0.75336,0.98,50,0,1.4369087165,0.31656810754,0.22140414058,0.44853816268,0.25044308656,1.26409246448,0,1,1
-0.07838,0.64579,-0.00889,0.56741,0.72408,0.98,50,0,1.46588812665,0.31870915782,0.21801934094,0.45529920339,0.25223667188,1.26356590164,0,1,1
-0.0597,0.6352,-0.0079,0.5755,0.6948,0.98,50,0,1.4948675368,0.3208502081,0.2146345413,0.4620602441,0.2540302572,1.2630393388,0,1,1
-0.03786,0.63972,-0.0083,0.60186,0.6775,0.98,50,0,1.50001189733,0.32013441854,0.21345758088,0.46247537716,0.25269231757,1.26708703191,0,1,1
-0.01602,0.64424,-0.0087,0.62822,0.6602,0.98,50,0,1.50515625786,0.31941862898,0.21228062046,0.46289051022,0.25135437794,1.27113472502,0,1,1
0.00581999999999999,0.64876,-0.0091,0.65458,0.6429,0.98,50,0,1.51030061839,0.31870283942,0.21110366004,0.46330564328,0.25001643831,1.27518241813,0,1,1
0.02766,0.65328,-0.0095,0.68094,0.6256,0.98,50,0,1.51544497892,0.31798704986,0.20992669962,0.46372077634,0.24867849868,1.27923011124,0,1,1
0.0495,0.6578,-0.0099,0.7073,0.6083,0.98,50,0,1.52058933945,0.3172712603,0.2087497392,0.4641359094,0.24734055905,1.28327780435,0,1,1
0.07134,0.66232,-0.0103,0.73366,0.591,0.98,50,0,1.52573369998,0.31655547074,0.20757277878,0.46455104246,0.24600261942,1.28732549746,0,1,1
0.09318,0.66684,-0.0107,0.76002,0.5737,0.98,50,0,1.53087806051,0.31583968118,0.20639581836,0.46496617552,0.24466467979,1.29137319057,0,1,1
0.11502,0.67136,-0.0111,0.78638,0.5564,0.98,50,0,1.53602242104,0.31512389162,0.20521885794,0.46538130858,0.24332674016,1.29542088368,0,1,1
0.13686,0.67588,-0.0115,0.81274,0.5391,0.98,50,0,1.54116678157,0.31440810206,0.20404189752,0.46579644164,0.24198880053,1.29946857679,0,1,1
0.1587,0.6804,-0.0119,0.8391,0.5218,0.98,50,0,1.5463111421,0.3136923125,0.2028649371,0.4662115747,0.2406508609,1.3035162699,0,1,1
0.16897,0.65645,-0.00477,0.82542,0.48758,0.98,50,0,1.53885148361,0.31317024907,0.20353846425,0.46571493503,0.24236071644,1.2928435476,0,1,1
0.17924,0.6325,0.00236,0.81174,0.45336,0.98,50,0,1.53139182512,0.31264818564,0.2042119914,0.46521829536,0.24407057198,1.2821708253,0,1,1
0.18951,0.60855,0.00949,0.79806,0.41914,0.98,50,0,1.52393216663,0.31212612221,0.20488551855,0.46472165569,0.24578042752,1.271498103,0,1,1
0.19978,0.5846,0.01662,0.78438,0.38492,0.98,50,0,1.51647250814,0.31160405878,0.2055590457,0.46422501602,0.24749028306,1.2608253807,0,1,1
0.21005,0.56065,0.02375,0.7707,0.3507,0.98,50,0,1.50901284965,0.31108199535,0.20623257285,0.46372837635,0.2492001386,1.2501526584,0,1,1
0.22032,0.5367,0.03088,0.75702,0.31648,0.98,50,0,1.50155319116,0.31055993192,0.2069061,0.46323173668,0.25090999414,1.2394799361,0,1,1
0.23059,0.51275,0.03801,0.74334,0.28226,0.98,50,0,1.49409353267,0.31003786849,0.20757962715,0.46273509701,0.25261984968,1.2288072138,0,1,1
0.24086,0.4888,0.04514,0.72966,0.24804,0.98,50,0,1.48663387418,0.30951580506,0.2082531543,0.46223845734,0.25432970522,1.2181344915,0,1,1
0.25113,0.46485,0.05227,0.71598,0.21382,0.98,50,0,1.47917421569,0.30899374163,0.20892668145,0.46174181767,0.25603956076,1.2074617692,0,1,1
0.2614,0.4409,0.0594,0.7023,0.1796,0.98,50,0,1.4717145572,0.3084716782,0.2096002086,0.461245178,0.2577494163,1.1967890469,0,1,1
0.25224,0.44044,0.06773,0.69268,0.1883,0.98,50,0,1.47684885301,0.30882643034,0.20912655785,0.46430291458,0.26154274255,1.18263516005,0,1,1
0.24308,0.43998,0.07606,0.68306,0.197,0.98,50,0,1.48198314882,0.30918118248,0.2086529071,0.46736065116,0.2653360688,1.1684812732,0,1,1
0.23392,0.43952,0.08439,0.67344,0.2057,0.98,50,0,1.48711744463,0.30953593462,0.20817925635,0.47041838774,0.26912939505,1.15432738635,0,1,1
0.22476,0.43906,0.09272,0.66382,0.2144,0.98,50,0,1.49225174044,0.30989068676,0.2077056056,0.47347612432,0.2729227213,1.1401734995,0,1,1
0.2156,0.4386,0.10105,0.6542,0.2231,0.98,50,0,1.49738603625,0.3102454389,0.20723195485,0.4765338609,0.27671604755,1.12601961265,0,1,1
0.20644,0.43814,0.10938,0.64458,0.2318,0.98,50,0,1.50252033206,0.31060019104,0.2067583041,0.47959159748,0.2805093738,1.1118657258,0,1,1
0.19728,0.43768,0.11771,0.63496,0.2405,0.98,50,0,1.50765462787,0.31095494318,0.20628465335,0.48264933406,0.28430270005,1.09771183895,0,1,1
0.18812,0.43722,0.12604,0.62534,0.2492,0.98,50,0,1.51278892368,0.31130969532,0.2058110026,0.48570707064,0.2880960263,1.0835579521,0,1,1
0.17896,0.43676,0.13437,0.61572,0.2579,0.98,50,0,1.51792321949,0.31166444746,0.20533735185,0.48876480722,0.29188935255,1.06940406525,0,1,1
0.1698,0.4363,0.1427,0.6061,0.2666,0.98,50,0,1.5230575153,0.3120191996,0.2048637011,0.4918225438,0.2956826788,1.0552501784,0,1,1
0.17148,0.45347,0.14222,0.62495,0.28209,0.98,50,0,1.48444940566,0.31022440963,0.21024165808,0.48416951462,0.28861715164,1.08040759766,0,1,1
0.17316,0.47064,0.14174,0.6438,0.29758,0.98,50,0,1.44584129602,0.30842961966,0.21561961506,0.47651648544,0.28155162448,1.10556501692,0,1,1
0.17484,0.48781,0.14126,0.66265,0.31307,0.98,50,0,1.40723318638,0.30663482969,0.22099757204,0.46886345626,0.27448609732,1.13072243618,0,1,1
0.17652,0.50498,0.14078,0.6815,0.32856,0.98,50,0,1.36862507674,0.30484003972,0.22637552902,0.46121042708,0.26742057016,1.15587985544,0,1,1
0.1782,0.52215,0.1403,0.70035,0.34405,0.98,50,0,1.3300169671,0.30304524975,0.231753486,0.4535573979,0.260355043,1.1810372747,0,1,1
0.17988,0.53932,0.13982,0.7192,0.35954,0.98,50,0,1.29140885746,0.30125045978,0.23713144298,0.44590436872,0.25328951584,1.20619469396,0,1,1
0.18156,0.55649,0.13934,0.73805,0.37503,0.98,50,0,1.25280074782,0.29945566981,0.24250939996,0.43825133954,0.24622398868,1.23135211322,0,1,1
0.18324,0.57366,0.13886,0.7569,0.39052,0.98,50,0,1.21419263818,0.29766087984,0.24788735694,0.43059831036,0.23915846152,1.25650953248,0,1,1
0.18492,0.59083,0.13838,0.77575,0.40601,0.98,50,0,1.17558452854,0.29586608987,0.25326531392,0.42294528118,0.23209293436,1.28166695174,0,1,1
0.1866,0.608,0.1379,0.7946,0.4215,0.98,50,0,1.1369764189,0.2940712999,0.2586432709,0.415292252,0.2250274072,1.306824371,0,1,1
0.1665,0.64127,0.14199,0.80777,0.47486,0.98,50.3,0.1,1.1290152818,0.29232732793,0.25894129718,0.42002070836,0.22932662827,1.27935511746,0,1,1
0.1464,0.67454,0.14608,0.82094,0.52822,0.98,50.6,0.2,1.1210541447,0.29058335596,0.25923932346,0.42474916472,0.23362584934,1.25188586392,0,1,1
0.1263,0.70781,0.15017,0.83411,0.58158,0.98,50.9,0.3,1.1130930076,0.28883938399,0.25953734974,0.42947762108,0.23792507041,1.22441661038,0,1,1
0.1062,0.74108,0.15426,0.84728,0.63494,0.98,51.2,0.4,1.1051318705,0.28709541202,0.25983537602,0.43420607744,0.24222429148,1.19694735684,0,1,1
0.0861,0.77435,0.15835,0.86045,0.6883,0.98,51.5,0.5,1.0971707334,0.28535144005,0.2601334023,0.4389345338,0.24652351255,1.1694781033,0,1,1
0.066,0.80762,0.16244,0.87362,0.74166,0.98,51.8,0.6,1.0892095963,0.28360746808,0.26043142858,0.44366299016,0.25082273362,1.14200884976,0,1,1
0.0459,0.84089,0.16653,0.88679,0.79502,0.98,52.1,0.7,1.0812484592,0.28186349611,0.26072945486,0.44839144652,0.25512195469,1.11453959622,0,1,1
0.0258,0.87416,0.17062,0.89996,0.84838,0.98,52.4,0.8,1.0732873221,0.28011952414,0.26102748114,0.45311990288,0.25942117576,1.08707034268,0,1,1
0.00570000000000001,0.90743,0.17471,0.91313,0.90174,0.98,52.7,0.9,1.065326185,0.27837555217,0.26132550742,0.45784835924,0.26372039683,1.05960108914,0,1,1
-0.0144,0.9407,0.1788,0.9263,0.9551,0.98,53,1,1.0573650479,0.2766315802,0.2616235337,0.4625768156,0.2680196179,1.0321318356,0,1,1
0.00279,0.95491,0.16884,0.9577,0.95211,0.965,53.6,1,1.03594292292,0.27324979117,0.26425978983,0.45863633387,0.2684849667,1.0179680246,0,1,1
0.01998,0.96912,0.15888,0.9891,0.94912,0.95,54.2,1,1.01452079794,0.26986800214,0.26689604596,0.45469585214,0.2689503155,1.0038042136,0,1,1
0.03717,0.98333,0.14892,1.0205,0.94613,0.935,54.8,1,0.99309867296,0.26648621311,0.26953230209,0.45075537041,0.2694156643,0.9896404026,0,1,1
0.05436,0.99754,0.13896,1.0519,0.94314,0.92,55.4,1,0.97167654798,0.26310442408,0.27216855822,0.44681488868,0.2698810131,0.9754765916,0,1,1
0.07155,1.01175,0.129,1.0833,0.94015,0.905,56,1,0.950254423,0.25972263505,0.27480481435,0.44287440695,0.2703463619,0.9613127806,0,1,1
0.08874,1.02596,0.11904,1.1147,0.93716,0.89,56.6,1,0.92883229802,0.25634084602,0.27744107048,0.43893392522,0.2708117107,0.9471489696,0,1,1
0.10593,1.04017,0.10908,1.1461,0.93417,0.875,57.2,1,0.90741017304,0.25295905699,0.28007732661,0.43499344349,0.2712770595,0.9329851586,0,1,1
0.12312,1.05438,0.09912,1.1775,0.93118,0.86,57.8,1,0.88598804806,0.24957726796,0.28271358274,0.43105296176,0.2717424083,0.9188213476,0,1,1
0.14031,1.06859,0.08916,1.2089,0.92819,0.845,58.4,1,0.86456592308,0.24619547893,0.28534983887,0.42711248003,0.2722077571,0.9046575366,0,1,1
0.1575,1.0828,0.0792,1.2403,0.9252,0.83,59,1,0.8431437981,0.2428136899,0.287986095,0.4231719983,0.2726731059,0.8904937256,0,1,1
0.91537,-0.10319,0.03405,0.81218,-1.01865,0.811,59.1,1,0.81594298964,0.23860947333,0.29434051821,0.42695911788,0.26858266141,0.88807018216,0,1,1
1.67324,-1.28918,-0.0111,0.38406,-2.9625,0.792,59.2,1,0.78874218118,0.23440525676,0.30069494142,0.43074623746,0.26449221692,0.88564663872,0,1,1
2.43111,-2.47517,-0.05625,-0.0440600000000002,-4.90635,0.773,59.3,1,0.76154137272,0.23020104019,0.30704936463,0.43453335704,0.26040177243,0.88322309528,0,1,1
3.18898,-3.66116,-0.1014,-0.47218,-6.8502,0.754,59.4,1,0.73434056426,0.22599682362,0.31340378784,0.43832047662,0.25631132794,0.88079955184,0,1,1
3.94685,-4.84715,-0.14655,-0.9003,-8.79405,0.735,59.5,1,0.7071397558,0.22179260705,0.31975821105,0.4421075962,0.25222088345,0.8783760084,0,1,1
4.70472,-6.03314,-0.1917,-1.32842,-10.7379,0.716,59.6,1,0.67993894734,0.21758839048,0.32611263426,0.44589471578,0.24813043896,0.87595246496,0,1,1
5.46259,-7.21913,-0.23685,-1.75654,-12.68175,0.697,59.7,1,0.65273813888,0.21338417391,0.33246705747,0.44968183536,0.24403999447,0.87352892152,0,1,1
6.22046,-8.40512,-0.282,-2.18466,-14.6256,0.678,59.8,1,0.62553733042,0.20917995734,0.33882148068,0.45346895494,0.23994954998,0.87110537808,0,1,1
6.97833,-9.59111,-0.32715,-2.61278,-16.56945,0.659,59.9,1,0.59833652196,0.20497574077,0.34517590389,0.45725607452,0.23585910549,0.86868183464,0,1,1
7.7362,-10.7771,-0.3723,-3.0409,-18.5133,0.64,60,1,0.5711357135,0.2007715242,0.3515303271,0.4610431941,0.231768661,0.8662582912,0,1,1
8.60721,-11.63834,-0.41366,-3.03113,-20.24555,0.633,59.9,1,0.56431986331,0.20046824528,0.35569095123,0.46031257547,0.23046764538,0.87002379801,0,1,1
9.47822,-12.49958,-0.45502,-3.02136,-21.9778,0.626,59.8,1,0.55750401312,0.20016496636,0.35985157536,0.45958195684,0.22916662976,0.87378930482,0,1,1
10.34923,-13.36082,-0.49638,-3.01159,-23.71005,0.619,59.7,1,0.55068816293,0.19986168744,0.36401219949,0.45885133821,0.22786561414,0.87755481163,0,1,1
11.22024,-14.22206,-0.53774,-3.00182,-25.4423,0.612,59.6,1,0.54387231274,0.19955840852,0.36817282362,0.45812071958,0.22656459852,0.88132031844,0,1,1
12.09125,-15.0833,-0.5791,-2.99205,-27.17455,0.605,59.5,1,0.53705646255,0.1992551296,0.37233344775,0.45739010095,0.2252635829,0.88508582525,0,1,1
12.96226,-15.94454,-0.62046,-2.98228,-28.9068,0.598,59.4,1,0.53024061236,0.19895185068,0.37649407188,0.45665948232,0.22396256728,0.88885133206,0,1,1
13.83327,-16.80578,-0.66182,-2.97251,-30.63905,0.591,59.3,1,0.52342476217,0.19864857176,0.38065469601,0.45592886369,0.22266155166,0.89261683887,0,1,1
14.70428,-17.66702,-0.70318,-2.96274,-32.3713,0.584,59.2,1,0.51660891198,0.19834529284,0.38481532014,0.45519824506,0.22136053604,0.89638234568,0,1,1
15.57529,-18.52826,-0.74454,-2.95297,-34.10355,0.577,59.1,1,0.50979306179,0.19804201392,0.38897594427,0.45446762643,0.22005952042,0.90014785249,0,1,1
16.4463,-19.3895,-0.7859,-2.9432,-35.8358,0.57,59,1,0.5029772116,0.197738735,0.3931365684,0.4537370078,0.2187585048,0.9039133593,0,1,1
17.18343,-19.97482,-0.82179,-2.79139,-37.15826,0.559,59,1,0.49185115988,0.1948557753,0.39694314115,0.45014552513,0.21702721376,0.89737053766,0,1,1
17.92056,-20.56014,-0.85768,-2.63958,-38.48072,0.548,59,1,0.48072510816,0.1919728156,0.4007497139,0.44655404246,0.21529592272,0.89082771602,0,1,1
18.65769,-21.14546,-0.89357,-2.48777,-39.80318,0.537,59,1,0.46959905644,0.1890898559,0.40455628665,0.44296255979,0.21356463168,0.88428489438,0,1,1
19.39482,-21.73078,-0.92946,-2.33596,-41.12564,0.526,59,1,0.45847300472,0.1862068962,0.4083628594,0.43937107712,0.21183334064,0.87774207274,0,1,1
20.13195,-22.3161,-0.96535,-2.18415,-42.4481,0.515,59,1,0.447346953,0.1833239365,0.41216943215,0.43577959445,0.2101020496,0.8711992511,0,1,1
20.86908,-22.90142,-1.00124,-2.03234,-43.77056,0.504,59,1,0.43622090128,0.1804409768,0.4159760049,0.43218811178,0.20837075856,0.86465642946,0,1,1
21.60621,-23.48674,-1.03713,-1.88053,-45.09302,0.493,59,1,0.42509484956,0.1775580171,0.41978257765,0.42859662911,0.20663946752,0.85811360782,0,1,1
22.34334,-24.07206,-1.07302,-1.72872,-46.41548,0.482,59,1,0.41396879784,0.1746750574,0.4235891504,0.42500514644,0.20490817648,0.85157078618,0,1,1
23.08047,-24.65738,-1.10891,-1.57691,-47.73794,0.471,59,1,0.40284274612,0.1717920977,0.42739572315,0.42141366377,0.20317688544,0.84502796454,0,1,1
23.8176,-25.2427,-1.1448,-1.4251,-49.0604,0.46,59,1,0.3917166944,0.168909138,0.4312022959,0.4178221811,0.2014455944,0.8384851429,0,1,1
24.29158,-25.71007,-1.18758,-1.41848,-50.00174,0.454,58.6,1,0.37771651168,0.16462298612,0.43815762227,0.42532139308,0.20403934786,0.81007065299,0,1,1
24.76556,-26.17744,-1.23036,-1.41186,-50.94308,0.448,58.2,1,0.36371632896,0.16033683424,0.44511294864,0.43282060506,0.20663310132,0.78165616308,0,1,1
25.23954,-26.64481,-1.27314,-1.40524,-51.88442,0.442,57.8,1,0.34971614624,0.15605068236,0.45206827501,0.44031981704,0.20922685478,0.75324167317,0,1,1
25.71352,-27.11218,-1.31592,-1.39862,-52.82576,0.436,57.4,1,0.33571596352,0.15176453048,0.45902360138,0.44781902902,0.21182060824,0.72482718326,0,1,1
26.1875,-27.57955,-1.3587,-1.392,-53.7671,0.43,57,1,0.3217157808,0.1474783786,0.46597892775,0.455318241,0.2144143617,0.69641269335,0,1,1
26.66148,-28.04692,-1.40148,-1.38538,-54.70844,0.424,56.6,1,0.30771559808,0.14319222672,0.47293425412,0.46281745298,0.21700811516,0.66799820344,0,1,1
27.13546,-28.51429,-1.44426,-1.37876,-55.64978,0.418,56.2,1,0.29371541536,0.13890607484,0.47988958049,0.47031666496,0.21960186862,0.63958371353,0,1,1
27.60944,-28.98166,-1.48704,-1.37214,-56.59112,0.412,55.8,1,0.27971523264,0.13461992296,0.48684490686,0.47781587694,0.22219562208,0.61116922362,0,1,1
28.08342,-29.44903,-1.52982,-1.36552,-57.53246,0.406,55.4,1,0.26571504992,0.13033377108,0.49380023323,0.48531508892,0.22478937554,0.58275473371,0,1,1
28.5574,-29.9164,-1.5726,-1.3589,-58.4738,0.4,55,1,0.2517148672,0.1260476192,0.5007555596,0.4928143009,0.227383129,0.5543402438,0,1,1
28.69664,-30.12328,-1.61849,-1.42655,-58.81992,0.4,53.8,1,0.25016083597,0.12606258199,0.50411389163,0.48735665762,0.22244627464,0.56979774037,0,1,1
28.83588,-30.33016,-1.66438,-1.4942,-59.16604,0.4,52.6,1,0.24860680474,0.12607754478,0.50747222366,0.48189901434,0.21750942028,0.58525523694,0,1,1
28.97512,-30.53704,-1.71027,-1.56185,-59.51216,0.4,51.4,1,0.24705277351,0.12609250757,0.51083055569,0.47644137106,0.21257256592,0.60071273351,0,1,1
29.11436,-30.74392,-1.75616,-1.6295,-59.85828,0.4,50.2,1,0.24549874228,0.12610747036,0.51418888772,0.47098372778,0.20763571156,0.61617023008,0,1,1
29.2536,-30.9508,-1.80205,-1.69715,-60.2044,0.4,49,1,0.24394471105,0.12612243315,0.51754721975,0.4655260845,0.2026988572,0.63162772665,0,1,1
29.39284,-31.15768,-1.84794,-1.7648,-60.55052,0.4,47.8,1,0.24239067982,0.12613739594,0.52090555178,0.46006844122,0.19776200284,0.64708522322,0,1,1
29.53208,-31.36456,-1.89383,-1.83245,-60.89664,0.4,46.6,1,0.24083664859,0.12615235873,0.52426388381,0.45461079794,0.19282514848,0.66254271979,0,1,1
29.67132,-31.57144,-1.93972,-1.9001,-61.24276,0.4,45.4,1,0.23928261736,0.12616732152,0.52762221584,0.44915315466,0.18788829412,0.67800021636,0,1,1
29.81056,-31.77832,-1.98561,-1.96775,-61.58888,0.4,44.2,1,0.23772858613,0.12618228431,0.53098054787,0.44369551138,0.18295143976,0.69345771293,0,1,1
29.9498,-31.9852,-2.0315,-2.0354,-61.935,0.4,43,1,0.2361745549,0.1261972471,0.5343388799,0.4382378681,0.1780145854,0.7089152095,0,1,1
29.90742,-32.17502,-2.06094,-2.2676,-62.08244,0.399,42.6,1,0.22915229667,0.12348150546,0.54058480718,0.43519117188,0.17839410856,0.6924981016,0,1,1
29.86504,-32.36484,-2.09038,-2.4998,-62.22988,0.398,42.2,1,0.22213003844,0.12076576382,0.54683073446,0.43214447566,0.17877363172,0.6760809937,0,1,1
29.82266,-32.55466,-2.11982,-2.732,-62.37732,0.397,41.8,1,0.21510778021,0.11805002218,0.55307666174,0.42909777944,0.17915315488,0.6596638858,0,1,1
29.78028,-32.74448,-2.14926,-2.9642,-62.52476,0.396,41.4,1,0.20808552198,0.11533428054,0.55932258902,0.42605108322,0.17953267804,0.6432467779,0,1,1
29.7379,-32.9343,-2.1787,-3.1964,-62.6722,0.395,41,1,0.20106326375,0.1126185389,0.5655685163,0.423004387,0.1799122012,0.62682967,0,1,1
29.69552,-33.12412,-2.20814,-3.4286,-62.81964,0.394,40.6,1,0.19404100552,0.10990279726,0.57181444358,0.41995769078,0.18029172436,0.6104125621,0,1,1
29.65314,-33.31394,-2.23758,-3.6608,-62.96708,0.393,40.2,1,0.18701874729,0.10718705562,0.57806037086,0.41691099456,0.18067124752,0.5939954542,0,1,1
29.61076,-33.50376,-2.26702,-3.893,-63.11452,0.392,39.8,1,0.17999648906,0.10447131398,0.58430629814,0.41386429834,0.18105077068,0.5775783463,0,1,1
29.56838,-33.69358,-2.29646,-4.1252,-63.26196,0.391,39.4,1,0.17297423083,0.10175557234,0.59055222542,0.41081760212,0.18143029384,0.5611612384,0,1,1
29.526,-33.8834,-2.3259,-4.3574,-63.4094,0.39,39,1,0.1659519726,0.0990398307,0.5967981527,0.4077709059,0.181809817,0.5447441305,0,1,1
29.41772,-33.98166,-2.3489,-4.56395,-63.39938,0.389,38.8,1,0.16649736778,0.10020890571,0.60171971055,0.41257306635,0.18015811032,0.55726030274,0,1,1
29.30944,-34.07992,-2.3719,-4.7705,-63.38936,0.388,38.6,1,0.16704276296,0.10137798072,0.6066412684,0.4173752268,0.17850640364,0.56977647498,0,1,1
29.20116,-34.17818,-2.3949,-4.97705,-63.37934,0.387,38.4,1,0.16758815814,0.10254705573,0.61156282625,0.42217738725,0.17685469696,0.58229264722,0,1,1
29.09288,-34.27644,-2.4179,-5.1836,-63.36932,0.386,38.2,1,0.16813355332,0.10371613074,0.6164843841,0.4269795477,0.17520299028,0.59480881946,0,1,1
28.9846,-34.3747,-2.4409,-5.39015,-63.3593,0.385,38,1,0.1686789485,0.10488520575,0.62140594195,0.43178170815,0.1735512836,0.6073249917,0,1,1
28.87632,-34.47296,-2.4639,-5.5967,-63.34928,0.384,37.8,1,0.16922434368,0.10605428076,0.6263274998,0.4365838686,0.17189957692,0.61984116394,0,1,1
28.76804,-34.57122,-2.4869,-5.80325,-63.33926,0.383,37.6,1,0.16976973886,0.10722335577,0.63124905765,0.44138602905,0.17024787024,0.63235733618,0,1,1
28.65976,-34.66948,-2.5099,-6.0098,-63.32924,0.382,37.4,1,0.17031513404,0.10839243078,0.6361706155,0.4461881895,0.16859616356,0.64487350842,0,1,1
28.55148,-34.76774,-2.5329,-6.21635,-63.31922,0.381,37.2,1,0.17086052922,0.10956150579,0.64109217335,0.45099034995,0.16694445688,0.65738968066,0,1,1
28.4432,-34.866,-2.5559,-6.4229,-63.3092,0.38,37,1,0.1714059244,0.1107305808,0.6460137312,0.4557925104,0.1652927502,0.6699058529,0,1,1
28.32309,-34.91711,-2.56277,-6.59411,-63.24019,0.383,36.9,1,0.16747768709,0.10900382797,0.65215148942,0.44884694137,0.16020184296,0.6846253982,0,1,1
28.20298,-34.96822,-2.56964,-6.76532,-63.17118,0.386,36.8,1,0.16354944978,0.10727707514,0.65828924764,0.44190137234,0.15511093572,0.6993449435,0,1,1
28.08287,-35.01933,-2.57651,-6.93653,-63.10217,0.389,36.7,1,0.15962121247,0.10555032231,0.66442700586,0.43495580331,0.15002002848,0.7140644888,0,1,1
27.96276,-35.07044,-2.58338,-7.10774,-63.03316,0.392,36.6,1,0.15569297516,0.10382356948,0.67056476408,0.42801023428,0.14492912124,0.7287840341,0,1,1
27.84265,-35.12155,-2.59025,-7.27895,-62.96415,0.395,36.5,1,0.15176473785,0.10209681665,0.6767025223,0.42106466525,0.139838214,0.7435035794,0,1,1
27.72254,-35.17266,-2.59712,-7.45016,-62.89514,0.398,36.4,1,0.14783650054,0.10037006382,0.68284028052,0.41411909622,0.13474730676,0.7582231247,0,1,1
27.60243,-35.22377,-2.60399,-7.62137,-62.82613,0.401,36.3,1,0.14390826323,0.09864331099,0.68897803874,0.40717352719,0.12965639952,0.77294267,0,1,1
27.48232,-35.27488,-2.61086,-7.79258,-62.75712,0.404,36.2,1,0.13998002592,0.09691655816,0.69511579696,0.40022795816,0.12456549228,0.7876622153,0,1,1
27.36221,-35.32599,-2.61773,-7.96379,-62.68811,0.407,36.1,1,0.13605178861,0.09518980533,0.70125355518,0.39328238913,0.11947458504,0.8023817606,0,1,1
27.2421,-35.3771,-2.6246,-8.135,-62.6191,0.41,36,1,0.1321235513,0.0934630525,0.7073913134,0.3863368201,0.1143836778,0.8171013059,0,1,1
27.13882,-35.42301,-2.6479,-8.28419,-62.56174,0.406,35.9,1,0.12718776189,0.09072446906,0.71648869929,0.38625963986,0.11231401688,0.80592088569,0,1,1
27.03554,-35.46892,-2.6712,-8.43338,-62.50438,0.402,35.8,1,0.12225197248,0.08798588562,0.72558608518,0.38618245962,0.11024435596,0.79474046548,0,1,1
26.93226,-35.51483,-2.6945,-8.58257,-62.44702,0.398,35.7,1,0.11731618307,0.08524730218,0.73468347107,0.38610527938,0.10817469504,0.78356004527,0,1,1
26.82898,-35.56074,-2.7178,-8.73176,-62.38966,0.394,35.6,1,0.11238039366,0.08250871874,0.74378085696,0.38602809914,0.10610503412,0.77237962506,0,1,1
26.7257,-35.60665,-2.7411,-8.88095,-62.3323,0.39,35.5,1,0.10744460425,0.0797701353,0.75287824285,0.3859509189,0.1040353732,0.76119920485,0,1,1
26.62242,-35.65256,-2.7644,-9.03014,-62.27494,0.386,35.4,1,0.10250881484,0.07703155186,0.76197562874,0.38587373866,0.10196571228,0.75001878464,0,1,1
26.51914,-35.69847,-2.7877,-9.17933,-62.21758,0.382,35.3,1,0.09757302543,0.07429296842,0.77107301463,0.38579655842,0.09989605136,0.73883836443,0,1,1
26.41586,-35.74438,-2.811,-9.32852,-62.16022,0.378,35.2,1,0.09263723602,0.07155438498,0.78017040052,0.38571937818,0.09782639044,0.72765794422,0,1,1
26.31258,-35.79029,-2.8343,-9.47771,-62.10286,0.374,35.1,1,0.08770144661,0.06881580154,0.78926778641,0.38564219794,0.09575672952,0.71647752401,0,1,1
26.2093,-35.8362,-2.8576,-9.6269,-62.0455,0.37,35,1,0.0827656572,0.0660772181,0.7983651723,0.3855650177,0.0936870686,0.7052971038,0,1,1
26.05858,-35.90512,-2.87057,-9.84654,-61.9637,0.373,34.9,1,0.08177666935,0.0655677035,0.80220813421,0.38395200312,0.09454067539,0.6944232347,0,1,1
25.90786,-35.97404,-2.88354,-10.06618,-61.8819,0.376,34.8,1,0.0807876815,0.0650581889,0.80605109612,0.38233898854,0.09539428218,0.6835493656,0,1,1
25.75714,-36.04296,-2.89651,-10.28582,-61.8001,0.379,34.7,1,0.07979869365,0.0645486743,0.80989405803,0.38072597396,0.09624788897,0.6726754965,0,1,1
25.60642,-36.11188,-2.90948,-10.50546,-61.7183,0.382,34.6,1,0.0788097058,0.0640391597,0.81373701994,0.37911295938,0.09710149576,0.6618016274,0,1,1
25.4557,-36.1808,-2.92245,-10.7251,-61.6365,0.385,34.5,1,0.07782071795,0.0635296451,0.81757998185,0.3774999448,0.09795510255,0.6509277583,0,1,1
25.30498,-36.24972,-2.93542,-10.94474,-61.5547,0.388,34.4,1,0.0768317301,0.0630201305,0.82142294376,0.37588693022,0.09880870934,0.6400538892,0,1,1
25.15426,-36.31864,-2.94839,-11.16438,-61.4729,0.391,34.3,1,0.07584274225,0.0625106159,0.82526590567,0.37427391564,0.09966231613,0.6291800201,0,1,1
25.00354,-36.38756,-2.96136,-11.38402,-61.3911,0.394,34.2,1,0.0748537544,0.0620011013,0.82910886758,0.37266090106,0.10051592292,0.618306151,0,1,1
24.85282,-36.45648,-2.97433,-11.60366,-61.3093,0.397,34.1,1,0.07386476655,0.0614915867,0.83295182949,0.37104788648,0.10136952971,0.6074322819,0,1,1
24.7021,-36.5254,-2.9873,-11.8233,-61.2275,0.4,34,1,0.0728757787,0.0609820721,0.8367947914,0.3694348719,0.1022231365,0.5965584128,0,1,1
24.49728,-36.55622,-2.9984,-12.05893,-61.0535,0.4,34,1,0.07448087923,0.06211866573,0.83447213769,0.36760648872,0.10054067271,0.62162069843,0,1,1
24.29246,-36.58704,-3.0095,-12.29456,-60.8795,0.4,34,1,0.07608597976,0.06325525936,0.83214948398,0.36577810554,0.09885820892,0.64668298406,0,1,1
24.08764,-36.61786,-3.0206,-12.53019,-60.7055,0.4,34,1,0.07769108029,0.06439185299,0.82982683027,0.36394972236,0.09717574513,0.67174526969,0,1,1
23.88282,-36.64868,-3.0317,-12.76582,-60.5315,0.4,34,1,0.07929618082,0.06552844662,0.82750417656,0.36212133918,0.09549328134,0.69680755532,0,1,1
23.678,-36.6795,-3.0428,-13.00145,-60.3575,0.4,34,1,0.08090128135,0.06666504025,0.82518152285,0.360292956,0.09381081755,0.72186984095,0,1,1
23.47318,-36.71032,-3.0539,-13.23708,-60.1835,0.4,34,1,0.08250638188,0.06780163388,0.82285886914,0.35846457282,0.09212835376,0.74693212658,0,1,1
23.26836,-36.74114,-3.065,-13.47271,-60.0095,0.4,34,1,0.08411148241,0.06893822751,0.82053621543,0.35663618964,0.09044588997,0.77199441221,0,1,1
23.06354,-36.77196,-3.0761,-13.70834,-59.8355,0.4,34,1,0.08571658294,0.07007482114,0.81821356172,0.35480780646,0.08876342618,0.79705669784,0,1,1
22.85872,-36.80278,-3.0872,-13.94397,-59.6615,0.4,34,1,0.08732168347,0.07121141477,0.81589090801,0.35297942328,0.08708096239,0.82211898347,0,1,1
22.6539,-36.8336,-3.0983,-14.1796,-59.4875,0.4,34,1,0.088926784,0.0723480084,0.8135682543,0.3511510401,0.0853984986,0.8471812691,0,1,1
22.52426,-36.81399,-3.12022,-14.28964,-59.33825,0.398,34.1,1,0.08765399379,0.07162166368,0.81762549217,0.3454956797,0.08188224213,0.89202092313,0,1,1
22.39462,-36.79438,-3.14214,-14.39968,-59.189,0.396,34.2,1,0.08638120358,0.07089531896,0.82168273004,0.3398403193,0.07836598566,0.93686057716,0,1,1
22.26498,-36.77477,-3.16406,-14.50972,-59.03975,0.394,34.3,1,0.08510841337,0.07016897424,0.82573996791,0.3341849589,0.07484972919,0.98170023119,0,1,1
22.13534,-36.75516,-3.18598,-14.61976,-58.8905,0.392,34.4,1,0.08383562316,0.06944262952,0.82979720578,0.3285295985,0.07133347272,1.02653988522,0,1,1
22.0057,-36.73555,-3.2079,-14.7298,-58.74125,0.39,34.5,1,0.08256283295,0.0687162848,0.83385444365,0.3228742381,0.06781721625,1.07137953925,0,1,1
21.87606,-36.71594,-3.22982,-14.83984,-58.592,0.388,34.6,1,0.08129004274,0.06798994008,0.83791168152,0.3172188777,0.06430095978,1.11621919328,0,1,1
21.74642,-36.69633,-3.25174,-14.94988,-58.44275,0.386,34.7,1,0.08001725253,0.06726359536,0.84196891939,0.3115635173,0.06078470331,1.16105884731,0,1,1
21.61678,-36.67672,-3.27366,-15.05992,-58.2935,0.384,34.8,1,0.07874446232,0.06653725064,0.84602615726,0.3059081569,0.05726844684,1.20589850134,0,1,1
21.48714,-36.65711,-3.29558,-15.16996,-58.14425,0.382,34.9,1,0.07747167211,0.06581090592,0.85008339513,0.3002527965,0.05375219037,1.25073815537,0,1,1
21.3575,-36.6375,-3.3175,-15.28,-57.995,0.38,35,1,0.0761988819,0.0650845612,0.854140633,0.2945974361,0.0502359339,1.2955778094,0,1,1
21.32084,-36.57281,-3.32687,-15.25197,-57.89365,0.382,34.9,1,0.0750855804,0.0640104742,0.85224761352,0.29922692364,0.05360832353,1.2307458516,0,1,1
21.28418,-36.50812,-3.33624,-15.22394,-57.7923,0.384,34.8,1,0.0739722789,0.0629363872,0.85035459404,0.30385641118,0.05698071316,1.1659138938,0,1,1
21.24752,-36.44343,-3.34561,-15.19591,-57.69095,0.386,34.7,1,0.0728589774,0.0618623002,0.84846157456,0.30848589872,0.06035310279,1.101081936,0,1,1
21.21086,-36.37874,-3.35498,-15.16788,-57.5896,0.388,34.6,1,0.0717456759,0.0607882132,0.84656855508,0.31311538626,0.06372549242,1.0362499782,0,1,1
21.1742,-36.31405,-3.36435,-15.13985,-57.48825,0.39,34.5,1,0.0706323744,0.0597141262,0.8446755356,0.3177448738,0.06709788205,0.9714180204,0,1,1
21.13754,-36.24936,-3.37372,-15.11182,-57.3869,0.392,34.4,1,0.0695190729,0.0586400392,0.84278251612,0.32237436134,0.07047027168,0.9065860626,0,1,1
21.10088,-36.18467,-3.38309,-15.08379,-57.28555,0.394,34.3,1,0.0684057714,0.0575659522,0.84088949664,0.32700384888,0.07384266131,0.8417541048,0,1,1
21.06422,-36.11998,-3.39246,-15.05576,-57.1842,0.396,34.2,1,0.0672924699,0.0564918652,0.83899647716,0.33163333642,0.07721505094,0.776922147,0,1,1
21.02756,-36.05529,-3.40183,-15.02773,-57.08285,0.398,34.1,1,0.0661791684,0.0554177782,0.83710345768,0.33626282396,0.08058744057,0.7120901892,0,1,1
20.9909,-35.9906,-3.4112,-14.9997,-56.9815,0.4,34,1,0.0650658669,0.0543436912,0.8352104382,0.3408923115,0.0839598302,0.6472582314,0,1,1
20.99203,-35.90544,-3.41324,-14.91341,-56.89747,0.405,33.97,1,0.06688168805,0.0558957652,0.8356367718,0.33426964685,0.08170181858,0.69635573299,0,1,1
20.99316,-35.82028,-3.41528,-14.82712,-56.81344,0.41,33.94,1,0.0686975092,0.0574478392,0.8360631054,0.3276469822,0.07944380696,0.74545323458,0,1,1
20.99429,-35.73512,-3.41732,-14.74083,-56.72941,0.415,33.91,1,0.07051333035,0.0589999132,0.836489439,0.32102431755,0.07718579534,0.79455073617,0,1,1
20.99542,-35.64996,-3.41936,-14.65454,-56.64538,0.42,33.88,1,0.0723291515,0.0605519872,0.8369157726,0.3144016529,0.07492778372,0.84364823776,0,1,1
20.99655,-35.5648,-3.4214,-14.56825,-56.56135,0.425,33.85,1,0.07414497265,0.0621040612,0.8373421062,0.30777898825,0.0726697721,0.89274573935,0,1,1
20.99768,-35.47964,-3.42344,-14.48196,-56.47732,0.43,33.82,1,0.0759607938,0.0636561352,0.8377684398,0.3011563236,0.07041176048,0.94184324094,0,1,1
20.99881,-35.39448,-3.42548,-14.39567,-56.39329,0.435,33.79,1,0.07777661495,0.0652082092,0.8381947734,0.29453365895,0.06815374886,0.99094074253,0,1,1
20.99994,-35.30932,-3.42752,-14.30938,-56.30926,0.44,33.76,1,0.0795924361,0.0667602832,0.838621107,0.2879109943,0.06589573724,1.04003824412,0,1,1
21.00107,-35.22416,-3.42956,-14.22309,-56.22523,0.445,33.73,1,0.08140825725,0.0683123572,0.8390474406,0.28128832965,0.06363772562,1.08913574571,0,1,1
