"CCO_d","Hbdiff_d","HbT_d","HbO2_d","HHb_d","LacNaa_d","NaaCr_d","SaO2sup","P_a","rocc","nadir_s","endhi_s","lin_s"
0.0,-0.004,-0.004,-0.004,0.0,nan,nan,0.99,55.0,0.0,0.0,0.0,0.0
-0.039599999999999996,0.006400000000000001,0.0838,0.04509999999999999,0.0387,nan,nan,0.99,55.0,0.0,0.0,0.0,0.0
-0.07919999999999999,0.016800000000000002,0.1716,0.09419999999999998,0.0774,nan,nan,0.99,55.0,0.0,0.0,0.0,0.0
-0.1188,0.027200000000000002,0.2594,0.14329999999999998,0.1161,nan,nan,0.99,55.0,0.0,0.0,0.0,0.0
-0.15839999999999999,0.03760000000000001,0.3472,0.19239999999999996,0.1548,nan,nan,0.99,55.0,0.0,0.0,0.0,0.0
-0.198,0.048,0.435,0.24149999999999996,0.1935,nan,nan,0.99,55.0,0.0,0.0,0.0,0.0
-0.2376,0.05840000000000001,0.5228,0.29059999999999997,0.2322,nan,nan,0.99,55.0,0.0,0.0,0.0,0.0
-0.2772,0.0688,0.6106,0.33969999999999995,0.2709,nan,nan,0.99,55.0,0.0,0.0,0.0,0.0
-0.31679999999999997,0.0792,0.6984,0.3887999999999999,0.3096,nan,nan,0.99,55.0,0.0,0.0,0.0,0.0
-0.3564,0.0896,0.7862,0.43789999999999996,0.3483,nan,nan,0.99,55.0,0.0,0.0,0.0,0.0
-0.396,0.1,0.874,0.48699999999999993,0.387,nan,nan,0.99,55.0,0.0,0.0,0.0,0.0
-0.3881,0.139,0.8584,0.4987,0.3597,nan,nan,0.99,55.0,0.0,0.0,0.0,0.0
-0.38020000000000004,0.17800000000000002,0.8428,0.5104,0.33240000000000003,nan,nan,0.99,55.0,0.0,0.0,0.0,0.0
-0.3723,0.21700000000000003,0.8271999999999999,0.5221,0.30510000000000004,nan,nan,0.99,55.0,0.0,0.0,0.0,0.0
-0.3644,0.256,0.8116,0.5337999999999999,0.2778,nan,nan,0.99,55.0,0.0,0.0,0.0,0.0
-0.35650000000000004,0.29500000000000004,0.796,0.5455,0.2505,nan,nan,0.99,55.0,0.0,0.0,0.0,0.0
-0.3486,0.334,0.7804,0.5572,0.2232,nan,nan,0.99,55.0,0.0,0.0,0.0,0.0
-0.3407,0.373,0.7647999999999999,0.5689,0.1959,nan,nan,0.99,55.0,0.0,0.0,0.0,0.0
-0.3328,0.41200000000000003,0.7492,0.5806,0.1686,nan,nan,0.99,55.0,0.0,0.0,0.0,0.0
-0.3249,0.45100000000000007,0.7336,0.5922999999999999,0.1413,nan,nan,0.99,55.0,0.0,0.0,0.0,0.0
-0.317,0.49,0.718,0.604,0.11399999999999999,nan,nan,0.99,55.0,0.0,0.0,0.0,0.0
-0.32030000000000003,0.44989999999999997,0.8212999999999999,0.6355999999999999,0.18569999999999998,nan,nan,0.99,55.0,0.0,0.0,0.0,0.0
-0.3236,0.4098,0.9246,0.6672,0.25739999999999996,nan,nan,0.99,55.0,0.0,0.0,0.0,0.0
-0.32689999999999997,0.3697,1.0278999999999998,0.6988,0.32909999999999995,nan,nan,0.99,55.0,0.0,0.0,0.0,0.0
-0.3302,0.3296,1.1312,0.7303999999999999,0.40079999999999993,nan,nan,0.99,55.0,0.0,0.0,0.0,0.0
-0.3335,0.2895,1.2345,0.762,0.4725,nan,nan,0.99,55.0,0.0,0.0,0.0,0.0
-0.3368,0.24939999999999998,1.3377999999999999,0.7936,0.5442,nan,nan,0.99,55.0,0.0,0.0,0.0,0.0
-0.34009999999999996,0.20929999999999999,1.4411,0.8251999999999999,0.6158999999999999,nan,nan,0.99,55.0,0.0,0.0,0.0,0.0
-0.3434,0.16919999999999996,1.5444,0.8568,0.6875999999999999,nan,nan,0.99,55.0,0.0,0.0,0.0,0.0
-0.3467,0.1291,1.6477,0.8884,0.7593,nan,nan,0.99,55.0,0.0,0.0,0.0,0.0
-0.35,0.08899999999999997,1.751,0.9199999999999999,0.831,nan,nan,0.99,55.0,0.0,0.0,0.0,0.0
-0.35369999999999996,0.1305,1.8733,1.0019,0.8714,nan,nan,0.99,55.0,0.0,0.0,0.0,0.0
-0.3574,0.172,1.9956,1.0837999999999999,0.9117999999999999,nan,nan,0.99,55.0,0.0,0.0,0.0,0.0
-0.3611,0.21350000000000002,2.1179,1.1657,0.9522,nan,nan,0.99,55.0,0.0,0.0,0.0,0.0
-0.3648,0.255,2.2402,1.2476,0.9926,nan,nan,0.99,55.0,0.0,0.0,0.0,0.0
-0.3685,0.2965,2.3625,1.3295,1.033,nan,nan,0.99,55.0,0.0,0.0,0.0,0.0
-0.3722,0.338,2.4848,1.4114,1.0734000000000001,nan,nan,0.99,55.0,0.0,0.0,0.0,0.0
-0.3759,0.37950000000000006,2.6071,1.4933,1.1138000000000001,nan,nan,0.99,55.0,0.0,0.0,0.0,0.0
-0.3796,0.42100000000000004,2.7294,1.5752000000000002,1.1542000000000001,nan,nan,0.99,55.0,0.0,0.0,0.0,0.0
-0.3833,0.4625,2.8517,1.6571,1.1946,nan,nan,0.99,55.0,0.0,0.0,0.0,0.0
-0.387,0.504,2.974,1.739,1.235,nan,nan,0.99,55.0,0.0,0.0,0.0,0.0
-0.36760000000000004,0.6043,2.9589000000000003,1.7816,1.1773,nan,nan,0.99,55.0,0.0,0.0,0.0,0.0
-0.3482,0.7046,2.9438,1.8242,1.1196000000000002,nan,nan,0.99,55.0,0.0,0.0,0.0,0.0
-0.3288,0.8049,2.9287,1.8668,1.0619,nan,nan,0.99,55.0,0.0,0.0,0.0,0.0
-0.3094,0.9052,2.9136,1.9094,1.0042,nan,nan,0.99,55.0,0.0,0.0,0.0,0.0
-0.29000000000000004,1.0055,2.8985000000000003,1.952,0.9465000000000001,nan,nan,0.99,55.0,0.0,0.0,0.0,0.0
-0.2706,1.1058,2.8834,1.9946000000000002,0.8888,nan,nan,0.99,55.0,0.0,0.0,0.0,0.0
-0.2512,1.2061,2.8683,2.0372,0.8311000000000001,nan,nan,0.99,55.0,0.0,0.0,0.0,0.0
-0.2318,1.3064,2.8532,2.0798,0.7734000000000001,nan,nan,0.99,55.0,0.0,0.0,0.0,0.0
-0.2124,1.4066999999999998,2.8381,2.1224,0.7157,nan,nan,0.99,55.0,0.0,0.0,0.0,0.0
-0.193,1.507,2.823,2.165,0.658,nan,nan,0.99,55.0,0.0,0.0,0.0,0.0
-0.2167,1.3320999999999998,2.7479,2.04,0.7079,nan,nan,0.99,55.0,0.0,0.0,0.0,0.0
-0.2404,1.1572,2.6728,1.915,0.7578,nan,nan,0.99,55.0,0.0,0.0,0.0,0.0
-0.2641,0.9823,2.5977,1.79,0.8077000000000001,nan,nan,0.99,55.0,0.0,0.0,0.0,0.0
-0.2878,0.8073999999999999,2.5225999999999997,1.665,0.8576,nan,nan,0.99,55.0,0.0,0.0,0.0,0.0
-0.3115,0.6325,2.4475,1.54,0.9075,nan,nan,0.99,55.0,0.0,0.0,0.0,0.0
-0.3352,0.4576,2.3724,1.415,0.9574,nan,nan,0.99,55.0,0.0,0.0,0.0,0.0
-0.3589,0.28269999999999995,2.2973,1.29,1.0073,nan,nan,0.99,55.0,0.0,0.0,0.0,0.0
-0.3826,0.1077999999999999,2.2222,1.165,1.0572,nan,nan,0.99,55.0,0.0,0.0,0.0,0.0
-0.4063,-0.06709999999999994,2.1471,1.04,1.1071,nan,nan,0.99,55.0,0.0,0.0,0.0,0.0
-0.42999999999999994,-0.242,2.072,0.915,1.157,nan,nan,0.99,55.0,0.0,0.0,0.0,0.0
-0.41659999999999997,-0.1768,1.9166,0.8699,1.0467,nan,nan,0.99,55.0,0.0,0.0,0.0,0.0
-0.4032,-0.1116,1.7612,0.8248,0.9364000000000001,nan,nan,0.99,55.0,0.0,0.0,0.0,0.0
-0.3898,-0.046400000000000025,1.6058000000000001,0.7797000000000001,0.8261000000000001,nan,nan,0.99,55.0,0.0,0.0,0.0,0.0
-0.3764,0.018799999999999983,1.4504000000000001,0.7346,0.7158000000000001,nan,nan,0.99,55.0,0.0,0.0,0.0,0.0
-0.363,0.08399999999999996,1.295,0.6895,0.6055,nan,nan,0.99,55.0,0.0,0.0,0.0,0.0
-0.3496,0.14919999999999994,1.1396000000000002,0.6444,0.4952000000000001,nan,nan,0.99,55.0,0.0,0.0,0.0,0.0
-0.3362,0.21439999999999992,0.9842000000000002,0.5992999999999999,0.38490000000000013,nan,nan,0.99,55.0,0.0,0.0,0.0,0.0
-0.3228,0.27959999999999996,0.8288000000000002,0.5542,0.2746000000000002,nan,nan,0.99,55.0,0.0,0.0,0.0,0.0
-0.3094,0.3447999999999999,0.6734,0.5090999999999999,0.1643000000000001,nan,nan,0.99,55.0,0.0,0.0,0.0,0.0
-0.296,0.4099999999999999,0.518,0.46399999999999997,0.05400000000000005,nan,nan,0.99,55.0,0.0,0.0,0.0,0.0
-0.29069999999999996,0.4522,0.515,0.4836,0.03140000000000002,nan,nan,0.99,55.0,0.0,0.0,0.0,0.0
-0.2854,0.49439999999999995,0.512,0.5032,0.008800000000000016,nan,nan,0.99,55.0,0.0,0.0,0.0,0.0
-0.2801,0.5366,0.509,0.5227999999999999,-0.013799999999999979,nan,nan,0.99,55.0,0.0,0.0,0.0,0.0
-0.2748,0.5788,0.506,0.5424,-0.03639999999999999,nan,nan,0.99,55.0,0.0,0.0,0.0,0.0
-0.26949999999999996,0.621,0.503,0.5619999999999999,-0.05899999999999998,nan,nan,0.99,55.0,0.0,0.0,0.0,0.0
-0.2642,0.6632,0.5,0.5815999999999999,-0.08159999999999998,nan,nan,0.99,55.0,0.0,0.0,0.0,0.0
-0.2589,0.7054,0.497,0.6012,-0.10419999999999999,nan,nan,0.99,55.0,0.0,0.0,0.0,0.0
-0.2536,0.7476,0.494,0.6207999999999999,-0.1268,nan,nan,0.99,55.0,0.0,0.0,0.0,0.0
-0.2483,0.7898,0.491,0.6404,-0.14939999999999998,nan,nan,0.99,55.0,0.0,0.0,0.0,0.0
-0.243,0.832,0.488,0.6599999999999999,-0.172,nan,nan,0.99,55.0,0.0,0.0,0.0,0.0
-0.1729,0.7666999999999999,0.3275,0.5470999999999999,-0.2196,nan,nan,0.9890000000000001,55.0,0.0,0.0,0.0,0.0
-0.1028,0.7014,0.16699999999999998,0.4341999999999999,-0.2672,nan,nan,0.988,55.0,0.0,0.0,0.0,0.0
-0.03269999999999998,0.6361,0.006500000000000006,0.3212999999999999,-0.31479999999999997,nan,nan,0.987,55.0,0.0,0.0,0.0,0.0
0.03739999999999999,0.5708,-0.15400000000000003,0.20839999999999992,-0.3624,nan,nan,0.986,55.0,0.0,0.0,0.0,0.0
0.10750000000000004,0.5055,-0.3145,0.09549999999999992,-0.41000000000000003,nan,nan,0.985,55.0,0.0,0.0,0.0,0.0
0.17760000000000004,0.4402,-0.475,-0.017400000000000082,-0.4576,nan,nan,0.9840000000000001,55.0,0.0,0.0,0.0,0.0
0.24770000000000003,0.37489999999999996,-0.6355,-0.13030000000000008,-0.5052000000000001,nan,nan,0.983,55.0,0.0,0.0,0.0,0.0
0.31779999999999997,0.3096,-0.796,-0.24320000000000008,-0.5528,nan,nan,0.982,55.0,0.0,0.0,0.0,0.0
0.3879,0.24429999999999996,-0.9564999999999999,-0.3561000000000001,-0.6004,nan,nan,0.981,55.0,0.0,0.0,0.0,0.0
0.4580000000000001,0.17899999999999994,-1.117,-0.4690000000000001,-0.648,nan,nan,0.98,55.0,0.0,0.0,0.0,0.0
0.378,0.2152,-0.9432,-0.364,-0.5792,nan,nan,0.981,54.8,0.0,0.0,0.0,0.0
0.29800000000000004,0.2514,-0.7694000000000001,-0.259,-0.5104000000000001,nan,nan,0.982,54.6,0.0,0.0,0.0,0.0
0.218,0.2876,-0.5956,-0.15400000000000003,-0.44160000000000005,nan,nan,0.983,54.4,0.0,0.0,0.0,0.0
0.138,0.3238,-0.42180000000000006,-0.049000000000000044,-0.3728000000000001,nan,nan,0.9840000000000001,54.2,0.0,0.0,0.0,0.0
0.057999999999999996,0.36,-0.248,0.05599999999999994,-0.30400000000000005,nan,nan,0.985,54.0,0.0,0.0,0.0,0.0
-0.02200000000000002,0.3962,-0.07420000000000004,0.16099999999999992,-0.23520000000000008,nan,nan,0.986,53.8,0.0,0.0,0.0,0.0
-0.10200000000000004,0.4324,0.09959999999999991,0.2659999999999999,-0.1664000000000001,nan,nan,0.987,53.6,0.0,0.0,0.0,0.0
-0.182,0.4686,0.27339999999999987,0.3709999999999999,-0.09760000000000013,nan,nan,0.988,53.4,0.0,0.0,0.0,0.0
-0.26200000000000007,0.5048,0.4471999999999998,0.476,-0.02880000000000016,nan,nan,0.9890000000000001,53.2,0.0,0.0,0.0,0.0
-0.342,0.541,0.621,0.5809999999999998,0.039999999999999925,nan,nan,0.99,53.0,0.0,0.0,0.0,0.0
-0.3347,0.42290000000000005,0.5819,0.5024,0.07949999999999999,nan,nan,0.979095238095238,53.10952380952381,0.10000000000000142,0.0,0.0,0.0
-0.3274,0.3048,0.5428,0.42379999999999995,0.11899999999999998,nan,nan,0.9681904761904763,53.21904761904762,0.20000000000000107,0.0,0.0,0.0
-0.32010000000000005,0.18670000000000003,0.5037,0.34519999999999995,0.15849999999999997,nan,nan,0.9572857142857143,53.32857142857143,0.3000000000000007,0.0,0.0,0.0
-0.3128,0.0686,0.4646,0.26659999999999995,0.19799999999999998,nan,nan,0.9463809523809523,53.43809523809524,0.40000000000000036,0.0,0.0,0.0
-0.3055,-0.04949999999999999,0.4255,0.18799999999999994,0.2375,nan,nan,0.9354761904761905,53.547619047619044,0.5,0.0,0.0,0.0
-0.2982,-0.16759999999999997,0.38639999999999997,0.10939999999999994,0.27699999999999997,nan,nan,0.9245714285714286,53.65714285714286,0.6000000000000014,0.0,0.0,0.0
-0.29090000000000005,-0.28569999999999995,0.3473,0.03079999999999994,0.3165,nan,nan,0.9136666666666666,53.766666666666666,0.7000000000000011,0.0,0.0,0.0
-0.2836,-0.40380000000000005,0.3082,-0.047800000000000065,0.356,nan,nan,0.9027619047619048,53.87619047619047,0.8000000000000007,0.0,0.0,0.0
-0.2763,-0.5218999999999999,0.26909999999999995,-0.12640000000000007,0.39549999999999996,nan,nan,0.8918571428571428,53.98571428571429,0.9000000000000004,0.0,0.0,0.0
-0.269,-0.64,0.22999999999999998,-0.20500000000000007,0.435,nan,nan,0.8809523809523809,54.095238095238095,1.0,0.0,0.0,0.0
-0.29760000000000003,-1.4148999999999998,0.38470000000000004,-0.5150999999999999,0.8997999999999999,nan,nan,0.8700476190476191,54.2047619047619,1.0,0.0,0.0,0.0
-0.32620000000000005,-2.1898,0.5394,-0.8251999999999999,1.3645999999999998,nan,nan,0.8591428571428571,54.31428571428571,1.0,0.0,0.0,0.0
-0.3548,-2.9647,0.6940999999999999,-1.1352999999999998,1.8294,nan,nan,0.8482380952380951,54.423809523809524,1.0,0.0,0.0,0.0
-0.3834,-3.7396,0.8488,-1.4453999999999998,2.2941999999999996,nan,nan,0.8373333333333334,54.53333333333333,1.0,0.0,0.0,0.0
-0.41200000000000003,-4.514499999999999,1.0035,-1.7554999999999998,2.759,nan,nan,0.8264285714285714,54.64285714285714,1.0,0.0,0.0,0.0
-0.44060000000000005,-5.2894,1.1582,-2.0655999999999994,3.2237999999999998,nan,nan,0.8155238095238094,54.75238095238095,1.0,0.0,0.0,0.0
-0.46920000000000006,-6.064299999999999,1.3129,-2.3756999999999997,3.6885999999999997,nan,nan,0.8046190476190475,54.86190476190476,1.0,0.0,0.0,0.0
-0.4978,-6.839199999999999,1.4676,-2.6857999999999995,4.1533999999999995,nan,nan,0.7937142857142857,54.97142857142857,1.0,0.0,0.0,0.0
-0.5264,-7.614099999999999,1.6222999999999999,-2.9959,4.618199999999999,nan,nan,0.7828095238095237,55.080952380952375,1.0,0.0,0.0,0.0
-0.555,-8.389,1.777,-3.3059999999999996,5.082999999999999,nan,nan,0.7719047619047618,55.19047619047619,1.0,0.0,0.0,0.0
-0.6155,-10.345799999999999,2.1132,-4.1163,6.2295,nan,nan,0.7609999999999999,55.3,1.0,0.0,0.0,0.0
-0.676,-12.302599999999998,2.4494,-4.9266000000000005,7.3759999999999994,nan,nan,0.752,55.6,1.0,0.0,0.0,0.0
-0.7365,-14.2594,2.7856,-5.7369,8.5225,nan,nan,0.743,55.9,1.0,0.0,0.0,0.0
-0.7969999999999999,-16.2162,3.1218000000000004,-6.5472,9.669,nan,nan,0.7340000000000001,56.2,1.0,0.0,0.0,0.0
-0.8574999999999999,-18.173000000000002,3.458,-7.3575,10.8155,nan,nan,0.725,56.5,1.0,0.0,0.0,0.0
-0.9179999999999999,-20.1298,3.7942,-8.167800000000002,11.962,nan,nan,0.716,56.8,1.0,0.0,0.0,0.0
-0.9784999999999999,-22.086599999999997,4.1304,-8.978100000000001,13.108500000000003,nan,nan,0.7070000000000001,57.1,1.0,0.0,0.0,0.0
-1.039,-24.0434,4.466600000000001,-9.788400000000001,14.255000000000003,nan,nan,0.698,57.4,1.0,0.0,0.0,0.0
-1.0995,-26.0002,4.8028,-10.598700000000001,15.401500000000002,nan,nan,0.6890000000000001,57.7,1.0,0.0,0.0,0.0
-1.16,-27.957,5.139,-11.409,16.548000000000002,nan,nan,0.68,58.0,1.0,0.0,0.0,0.0
-1.2078,-28.9922,5.417400000000001,-11.7874,17.204800000000002,nan,nan,0.672,57.9,1.0,0.0,0.0,0.0
-1.2555999999999998,-30.0274,5.6958,-12.1658,17.861600000000003,nan,nan,0.664,57.8,1.0,0.0,0.0,0.0
-1.3034,-31.0626,5.9742,-12.5442,18.5184,nan,nan,0.6559999999999999,57.7,1.0,0.0,0.0,0.0
-1.3512,-32.0978,6.2526,-12.9226,19.1752,nan,nan,0.648,57.6,1.0,0.0,0.0,0.0
-1.399,-33.132999999999996,6.531000000000001,-13.300999999999998,19.832,nan,nan,0.64,57.5,1.0,0.0,0.0,0.0
-1.4467999999999999,-34.1682,6.8094,-13.6794,20.4888,nan,nan,0.632,57.4,1.0,0.0,0.0,0.0
-1.4946,-35.2034,7.0878,-14.057799999999999,21.1456,nan,nan,0.624,57.3,1.0,0.0,0.0,0.0
-1.5424,-36.2386,7.3662,-14.4362,21.8024,nan,nan,0.616,57.2,1.0,0.0,0.0,0.0
-1.5901999999999998,-37.273799999999994,7.6446000000000005,-14.814599999999999,22.4592,nan,nan,0.608,57.1,1.0,0.0,0.0,0.0
-1.638,-38.309,7.923,-15.192999999999998,23.116,nan,nan,0.6,57.0,1.0,0.0,0.0,0.0
-1.6748999999999998,-38.9678,8.082,-15.442899999999998,23.5249,nan,nan,0.595,57.0,1.0,0.0,0.0,0.0
-1.7118,-39.626599999999996,8.241,-15.692799999999998,23.933799999999998,nan,nan,0.59,57.0,1.0,0.0,0.0,0.0
-1.7487,-40.285399999999996,8.4,-15.942699999999999,24.3427,nan,nan,0.585,57.0,1.0,0.0,0.0,0.0
-1.7856,-40.944199999999995,8.559,-16.1926,24.7516,nan,nan,0.58,57.0,1.0,0.0,0.0,0.0
-1.8225,-41.602999999999994,8.718,-16.4425,25.1605,nan,nan,0.575,57.0,1.0,0.0,0.0,0.0
-1.8594,-42.2618,8.877,-16.6924,25.569399999999998,nan,nan,0.57,57.0,1.0,0.0,0.0,0.0
-1.8963,-42.9206,9.036,-16.9423,25.978299999999997,nan,nan,0.565,57.0,1.0,0.0,0.0,0.0
-1.9332,-43.5794,9.195,-17.1922,26.3872,nan,nan,0.56,57.0,1.0,0.0,0.0,0.0
-1.9701,-44.2382,9.354,-17.4421,26.7961,nan,nan,0.555,57.0,1.0,0.0,0.0,0.0
-2.007,-44.897,9.513,-17.692,27.205,nan,nan,0.55,57.0,1.0,0.0,0.0,0.0
-2.0417,-45.3131,9.675699999999999,-17.8187,27.4944,nan,nan,0.541,56.8,1.0,0.0,0.0,0.0
-2.0764,-45.7292,9.8384,-17.9454,27.7838,nan,nan,0.532,56.6,1.0,0.0,0.0,0.0
-2.1111,-46.1453,10.001100000000001,-18.0721,28.0732,nan,nan,0.523,56.4,1.0,0.0,0.0,0.0
-2.1458,-46.5614,10.1638,-18.1988,28.3626,nan,nan,0.514,56.2,1.0,0.0,0.0,0.0
-2.1805000000000003,-46.9775,10.3265,-18.325499999999998,28.652,nan,nan,0.505,56.0,1.0,0.0,0.0,0.0
-2.2152000000000003,-47.3936,10.4892,-18.4522,28.941399999999998,nan,nan,0.496,55.8,1.0,0.0,0.0,0.0
-2.2499000000000002,-47.8097,10.651900000000001,-18.5789,29.2308,nan,nan,0.48700000000000004,55.6,1.0,0.0,0.0,0.0
-2.2846,-48.2258,10.8146,-18.7056,29.5202,nan,nan,0.478,55.4,1.0,0.0,0.0,0.0
-2.3193,-48.6419,10.9773,-18.8323,29.8096,nan,nan,0.469,55.2,1.0,0.0,0.0,0.0
-2.354,-49.058,11.14,-18.959,30.099,nan,nan,0.46,55.0,1.0,0.0,0.0,0.0
-2.386,-49.5463,11.2645,-19.1409,30.4054,nan,nan,0.45899999999999996,55.5,1.0,0.0,0.0,0.0
-2.418,-50.0346,11.389000000000001,-19.3228,30.7118,nan,nan,0.45799999999999996,56.0,1.0,0.0,0.0,0.0
-2.45,-50.5229,11.5135,-19.5047,31.0182,nan,nan,0.457,56.5,1.0,0.0,0.0,0.0
-2.482,-51.0112,11.638,-19.686600000000002,31.3246,nan,nan,0.456,57.0,1.0,0.0,0.0,0.0
-2.5140000000000002,-51.4995,11.7625,-19.8685,31.631,nan,nan,0.455,57.5,1.0,0.0,0.0,0.0
-2.546,-51.9878,11.887,-20.0504,31.937400000000004,nan,nan,0.45399999999999996,58.0,1.0,0.0,0.0,0.0
-2.578,-52.4761,12.0115,-20.232300000000002,32.2438,nan,nan,0.45299999999999996,58.5,1.0,0.0,0.0,0.0
-2.61,-52.964400000000005,12.136,-20.4142,32.550200000000004,nan,nan,0.452,59.0,1.0,0.0,0.0,0.0
-2.642,-53.4527,12.2605,-20.596100000000003,32.8566,nan,nan,0.451,59.5,1.0,0.0,0.0,0.0
-2.674,-53.941,12.385,-20.778000000000002,33.163000000000004,nan,nan,0.45,60.0,1.0,0.0,0.0,0.0
-2.6968,-54.1648,12.4628,-20.851000000000003,33.3138,nan,nan,0.444,59.4,1.0,0.0,0.0,0.0
-2.7196,-54.388600000000004,12.5406,-20.924000000000003,33.464600000000004,nan,nan,0.43799999999999994,58.8,1.0,0.0,0.0,0.0
-2.7424,-54.6124,12.6184,-20.997000000000003,33.6154,nan,nan,0.43200000000000005,58.2,1.0,0.0,0.0,0.0
-2.7652,-54.836200000000005,12.6962,-21.070000000000004,33.766200000000005,nan,nan,0.426,57.6,1.0,0.0,0.0,0.0
-2.7880000000000003,-55.06,12.774000000000001,-21.143,33.917,nan,nan,0.42,57.0,1.0,0.0,0.0,0.0
-2.8108,-55.2838,12.8518,-21.216,34.0678,nan,nan,0.414,56.4,1.0,0.0,0.0,0.0
-2.8336,-55.507600000000004,12.9296,-21.289,34.2186,nan,nan,0.408,55.8,1.0,0.0,0.0,0.0
-2.8564000000000003,-55.7314,13.0074,-21.362000000000002,34.3694,nan,nan,0.402,55.2,1.0,0.0,0.0,0.0
-2.8792,-55.955200000000005,13.0852,-21.435000000000002,34.5202,nan,nan,0.396,54.6,1.0,0.0,0.0,0.0
-2.902,-56.179,13.163,-21.508000000000003,34.671,nan,nan,0.39,54.0,1.0,0.0,0.0,0.0
-2.9299,-56.3339,13.1623,-21.585800000000003,34.7481,nan,nan,0.391,54.0,1.0,0.0,0.0,0.0
-2.9578,-56.488800000000005,13.1616,-21.663600000000002,34.8252,nan,nan,0.392,54.0,1.0,0.0,0.0,0.0
-2.9857,-56.6437,13.1609,-21.741400000000002,34.9023,nan,nan,0.39299999999999996,54.0,1.0,0.0,0.0,0.0
-3.0136000000000003,-56.7986,13.1602,-21.819200000000002,34.9794,nan,nan,0.39399999999999996,54.0,1.0,0.0,0.0,0.0
-3.0415,-56.953500000000005,13.159500000000001,-21.897000000000002,35.0565,nan,nan,0.395,54.0,1.0,0.0,0.0,0.0
-3.0694,-57.1084,13.158800000000001,-21.974800000000002,35.1336,nan,nan,0.396,54.0,1.0,0.0,0.0,0.0
-3.0973,-57.2633,13.158100000000001,-22.0526,35.2107,nan,nan,0.397,54.0,1.0,0.0,0.0,0.0
-3.1252,-57.4182,13.1574,-22.1304,35.2878,nan,nan,0.39799999999999996,54.0,1.0,0.0,0.0,0.0
-3.1531000000000002,-57.573100000000004,13.1567,-22.2082,35.3649,nan,nan,0.39899999999999997,54.0,1.0,0.0,0.0,0.0
-3.181,-57.728,13.156,-22.286,35.442,nan,nan,0.4,54.0,1.0,0.0,0.0,0.0
-3.1958,-57.6853,13.0921,-22.2966,35.3887,nan,nan,0.402,53.5,1.0,0.0,0.0,0.0
-3.2106,-57.6426,13.0282,-22.3072,35.3354,nan,nan,0.40399999999999997,53.0,1.0,0.0,0.0,0.0
-3.2254,-57.599900000000005,12.9643,-22.317800000000002,35.2821,nan,nan,0.406,52.5,1.0,0.0,0.0,0.0
-3.2402,-57.5572,12.9004,-22.328400000000002,35.2288,nan,nan,0.408,52.0,1.0,0.0,0.0,0.0
-3.255,-57.5145,12.836500000000001,-22.339000000000002,35.1755,nan,nan,0.41,51.5,1.0,0.0,0.0,0.0
-3.2698,-57.4718,12.7726,-22.349600000000002,35.1222,nan,nan,0.41200000000000003,51.0,1.0,0.0,0.0,0.0
-3.2846,-57.429100000000005,12.7087,-22.360200000000003,35.0689,nan,nan,0.414,50.5,1.0,0.0,0.0,0.0
-3.2994000000000003,-57.3864,12.6448,-22.370800000000003,35.0156,nan,nan,0.41600000000000004,50.0,1.0,0.0,0.0,0.0
-3.3142,-57.3437,12.5809,-22.381400000000003,34.9623,nan,nan,0.418,49.5,1.0,0.0,0.0,0.0
-3.329,-57.301,12.517,-22.392000000000003,34.909,nan,nan,0.42,49.0,1.0,0.0,0.0,0.0
-3.3352000000000004,-57.2745,12.357099999999999,-22.458700000000004,34.815799999999996,nan,nan,0.42,48.6,1.0,0.0,0.0,0.0
-3.3414,-57.248000000000005,12.197199999999999,-22.5254,34.7226,nan,nan,0.42,48.2,1.0,0.0,0.0,0.0
-3.3476,-57.2215,12.0373,-22.592100000000002,34.629400000000004,nan,nan,0.42,47.8,1.0,0.0,0.0,0.0
-3.3538,-57.195,11.8774,-22.658800000000003,34.5362,nan,nan,0.42,47.4,1.0,0.0,0.0,0.0
-3.3600000000000003,-57.1685,11.7175,-22.725500000000004,34.443,nan,nan,0.42,47.0,1.0,0.0,0.0,0.0
-3.3662,-57.142,11.557599999999999,-22.7922,34.3498,nan,nan,0.42,46.6,1.0,0.0,0.0,0.0
-3.3724,-57.115500000000004,11.397699999999999,-22.858900000000002,34.256600000000006,nan,nan,0.42,46.2,1.0,0.0,0.0,0.0
-3.3786,-57.089,11.2378,-22.925600000000003,34.1634,nan,nan,0.42,45.8,1.0,0.0,0.0,0.0
-3.3848000000000003,-57.0625,11.0779,-22.9923,34.0702,nan,nan,0.42,45.4,1.0,0.0,0.0,0.0
-3.391,-57.036,10.918,-23.059,33.977000000000004,nan,nan,0.42,45.0,1.0,0.0,0.0,0.0
-3.4014,-57.0488,10.7538,-23.1475,33.901300000000006,nan,nan,0.419,44.6,1.0,0.0,0.0,0.0
-3.4118,-57.0616,10.589599999999999,-23.236,33.8256,nan,nan,0.418,44.2,1.0,0.0,0.0,0.0
-3.4222,-57.074400000000004,10.4254,-23.3245,33.749900000000004,nan,nan,0.41700000000000004,43.8,1.0,0.0,0.0,0.0
-3.4326,-57.0872,10.261199999999999,-23.413,33.6742,nan,nan,0.41600000000000004,43.4,1.0,0.0,0.0,0.0
-3.443,-57.1,10.097,-23.5015,33.5985,nan,nan,0.415,43.0,1.0,0.0,0.0,0.0
-3.4534000000000002,-57.1128,9.9328,-23.590000000000003,33.522800000000004,nan,nan,0.414,42.6,1.0,0.0,0.0,0.0
-3.4638,-57.1256,9.7686,-23.678500000000003,33.4471,nan,nan,0.413,42.2,1.0,0.0,0.0,0.0
-3.4742,-57.138400000000004,9.6044,-23.767000000000003,33.3714,nan,nan,0.41200000000000003,41.8,1.0,0.0,0.0,0.0
-3.4846,-57.1512,9.440199999999999,-23.855500000000003,33.2957,nan,nan,0.41100000000000003,41.4,1.0,0.0,0.0,0.0
-3.495,-57.164,9.276,-23.944000000000003,33.22,nan,nan,0.41,41.0,1.0,0.0,0.0,0.0
-3.5107,-57.1098,9.1114,-23.999200000000002,33.1106,nan,nan,0.409,41.0,1.0,0.0,0.0,0.0
-3.5264,-57.0556,8.9468,-24.0544,33.0012,nan,nan,0.408,41.0,1.0,0.0,0.0,0.0
-3.5421,-57.001400000000004,8.7822,-24.1096,32.891799999999996,nan,nan,0.40700000000000003,41.0,1.0,0.0,0.0,0.0
-3.5578000000000003,-56.9472,8.6176,-24.1648,32.782399999999996,nan,nan,0.406,41.0,1.0,0.0,0.0,0.0
-3.5735,-56.893,8.453,-24.22,32.673,nan,nan,0.405,41.0,1.0,0.0,0.0,0.0
-3.5892,-56.8388,8.2884,-24.2752,32.5636,nan,nan,0.40399999999999997,41.0,1.0,0.0,0.0,0.0
-3.6049,-56.7846,8.1238,-24.3304,32.4542,nan,nan,0.40299999999999997,41.0,1.0,0.0,0.0,0.0
-3.6206,-56.7304,7.9592,-24.3856,32.3448,nan,nan,0.402,41.0,1.0,0.0,0.0,0.0
-3.6363000000000003,-56.6762,7.7946,-24.4408,32.2354,nan,nan,0.401,41.0,1.0,0.0,0.0,0.0
-3.652,-56.622,7.63,-24.496,32.126,nan,nan,0.4,41.0,1.0,0.0,0.0,0.0
-3.6403000000000003,-56.6335,7.4334999999999996,-24.599999999999998,32.0335,nan,nan,0.40299999999999997,40.8,1.0,0.0,0.0,0.0
-3.6286,-56.645,7.237,-24.704,31.941,nan,nan,0.406,40.6,1.0,0.0,0.0,0.0
-3.6169000000000002,-56.6565,7.0405,-24.808,31.848499999999998,nan,nan,0.409,40.4,1.0,0.0,0.0,0.0
-3.6052,-56.668,6.844,-24.912,31.756,nan,nan,0.41200000000000003,40.2,1.0,0.0,0.0,0.0
-3.5935,-56.679500000000004,6.6475,-25.016,31.6635,nan,nan,0.415,40.0,1.0,0.0,0.0,0.0
-3.5818000000000003,-56.691,6.4510000000000005,-25.12,31.570999999999998,nan,nan,0.418,39.8,1.0,0.0,0.0,0.0
-3.5701,-56.7025,6.2545,-25.224,31.4785,nan,nan,0.42100000000000004,39.6,1.0,0.0,0.0,0.0
-3.5584000000000002,-56.714,6.058,-25.328,31.386,nan,nan,0.424,39.4,1.0,0.0,0.0,0.0
-3.5467,-56.725500000000004,5.8615,-25.432000000000002,31.2935,nan,nan,0.42700000000000005,39.2,1.0,0.0,0.0,0.0
-3.535,-56.737,5.665,-25.536,31.201,nan,nan,0.43,39.0,1.0,0.0,0.0,0.0
-3.5512,-56.6681,5.5265,-25.570800000000002,31.0973,nan,nan,0.43,38.8,1.0,0.0,0.0,0.0
-3.5674,-56.5992,5.388,-25.605600000000003,30.9936,nan,nan,0.43,38.6,1.0,0.0,0.0,0.0
-3.5836,-56.530300000000004,5.2495,-25.6404,30.8899,nan,nan,0.43,38.4,1.0,0.0,0.0,0.0
-3.5998,-56.461400000000005,5.111,-25.6752,30.7862,nan,nan,0.43,38.2,1.0,0.0,0.0,0.0
-3.616,-56.3925,4.9725,-25.71,30.6825,nan,nan,0.43,38.0,1.0,0.0,0.0,0.0
-3.6322,-56.3236,4.834,-25.7448,30.5788,nan,nan,0.43,37.8,1.0,0.0,0.0,0.0
-3.6484,-56.2547,4.6955,-25.779600000000002,30.4751,nan,nan,0.43,37.6,1.0,0.0,0.0,0.0
-3.6646,-56.1858,4.557,-25.8144,30.3714,nan,nan,0.43,37.4,1.0,0.0,0.0,0.0
-3.6808,-56.1169,4.4185,-25.8492,30.2677,nan,nan,0.43,37.2,1.0,0.0,0.0,0.0
-3.697,-56.048,4.28,-25.884,30.164,nan,nan,0.43,37.0,1.0,0.0,0.0,0.0
-3.7141,-55.9579,4.2097,-25.8741,30.0838,nan,nan,0.435,37.2,1.0,0.0,0.0,0.0
-3.7312,-55.8678,4.1394,-25.8642,30.003600000000002,nan,nan,0.44,37.4,1.0,0.0,0.0,0.0
-3.7483,-55.7777,4.069100000000001,-25.854300000000002,29.9234,nan,nan,0.445,37.6,1.0,0.0,0.0,0.0
-3.7654,-55.6876,3.9988,-25.8444,29.8432,nan,nan,0.45,37.8,1.0,0.0,0.0,0.0
-3.7824999999999998,-55.5975,3.9285,-25.8345,29.762999999999998,nan,nan,0.455,38.0,1.0,0.0,0.0,0.0
-3.7996,-55.5074,3.8582,-25.8246,29.6828,nan,nan,0.46,38.2,1.0,0.0,0.0,0.0
-3.8167,-55.4173,3.7879,-25.814700000000002,29.6026,nan,nan,0.465,38.4,1.0,0.0,0.0,0.0
-3.8338,-55.3272,3.7176,-25.8048,29.522399999999998,nan,nan,0.47,38.6,1.0,0.0,0.0,0.0
-3.8508999999999998,-55.2371,3.6473,-25.7949,29.4422,nan,nan,0.475,38.8,1.0,0.0,0.0,0.0
-3.868,-55.147,3.577,-25.785,29.362,nan,nan,0.48,39.0,1.0,0.0,0.0,0.0
-3.8790999999999998,-55.1248,3.6024,-25.7612,29.363599999999998,nan,nan,0.47600000000000003,39.6,1.0,0.0,0.0,0.0
-3.8902,-55.102599999999995,3.6278,-25.7374,29.365199999999998,nan,nan,0.47200000000000003,40.2,1.0,0.0,0.0,0.0
-3.9013,-55.0804,3.6532,-25.7136,29.366799999999998,nan,nan,0.46799999999999997,40.8,1.0,0.0,0.0,0.0
-3.9124,-55.0582,3.6786,-25.689799999999998,29.368399999999998,nan,nan,0.46399999999999997,41.4,1.0,0.0,0.0,0.0
-3.9234999999999998,-55.036,3.7039999999999997,-25.665999999999997,29.369999999999997,nan,nan,0.46,42.0,1.0,0.0,0.0,0.0
-3.9346,-55.013799999999996,3.7294,-25.6422,29.3716,nan,nan,0.456,42.6,1.0,0.0,0.0,0.0
-3.9457,-54.9916,3.7548,-25.618399999999998,29.3732,nan,nan,0.452,43.2,1.0,0.0,0.0,0.0
-3.9568,-54.9694,3.7802,-25.594599999999996,29.3748,nan,nan,0.44799999999999995,43.8,1.0,0.0,0.0,0.0
-3.9679,-54.947199999999995,3.8056,-25.5708,29.3764,nan,nan,0.444,44.4,1.0,0.0,0.0,0.0
-3.979,-54.925,3.831,-25.546999999999997,29.378,nan,nan,0.44,45.0,1.0,1.0,0.0,0.0
-3.9759,-54.6239,3.8891,-25.367399999999996,29.2565,nan,nan,0.456,45.15609756097561,1.0,1.0,0.0,0.008333333333333333
-3.9728,-54.3228,3.9472,-25.1878,29.135,nan,nan,0.47200000000000003,45.31219512195122,1.0,1.0,0.0,0.016666666666666666
-3.9697,-54.021699999999996,4.0053,-25.0082,29.0135,nan,nan,0.488,45.46829268292683,1.0,1.0,0.0,0.025
-3.9666,-53.7206,4.0634,-24.828599999999998,28.892,nan,nan,0.504,45.62439024390244,1.0,1.0,0.0,0.03333333333333333
-3.9635,-53.4195,4.1215,-24.649,28.7705,nan,nan,0.52,45.78048780487805,1.0,1.0,0.0,0.041666666666666664
-3.9604,-53.1184,4.1796,-24.4694,28.649,nan,nan,0.536,45.93658536585366,1.0,1.0,0.0,0.05
-3.9573,-52.8173,4.2377,-24.2898,28.5275,nan,nan,0.552,46.09268292682927,1.0,1.0,0.0,0.058333333333333334
-3.9542,-52.5162,4.2958,-24.1102,28.406,nan,nan,0.568,46.24878048780488,1.0,1.0,0.0,0.06666666666666667
-3.9511,-52.2151,4.353899999999999,-23.930600000000002,28.2845,nan,nan,0.584,46.40487804878049,1.0,1.0,0.0,0.075
-3.948,-51.914,4.412,-23.751,28.163,nan,nan,0.6,46.5609756097561,1.0,1.0,0.0,0.08333333333333333
-3.9154,-51.3431,4.3819,-23.480600000000003,27.8625,nan,nan,0.606,46.71707317073171,1.0,1.0,0.0,0.09166666666666666
-3.8828,-50.7722,4.3518,-23.2102,27.562,nan,nan,0.612,46.87317073170732,1.0,1.0,0.0,0.1
-3.8502,-50.2013,4.3217,-22.9398,27.261499999999998,nan,nan,0.618,47.02926829268293,1.0,1.0,0.0,0.10833333333333334
-3.8176,-49.6304,4.2916,-22.6694,26.961,nan,nan,0.624,47.18536585365854,1.0,1.0,0.0,0.11666666666666667
-3.785,-49.0595,4.2615,-22.399,26.6605,nan,nan,0.63,47.34146341463415,1.0,1.0,0.0,0.125
-3.7523999999999997,-48.4886,4.2314,-22.128600000000002,26.36,nan,nan,0.636,47.49756097560976,1.0,1.0,0.0,0.13333333333333333
-3.7197999999999998,-47.917699999999996,4.2013,-21.8582,26.0595,nan,nan,0.642,47.65365853658537,1.0,1.0,0.0,0.14166666666666666
-3.6872,-47.3468,4.1712,-21.5878,25.758999999999997,nan,nan,0.648,47.80975609756098,1.0,1.0,0.0,0.15
-3.6546,-46.7759,4.1411,-21.3174,25.458499999999997,nan,nan,0.654,47.96585365853659,1.0,1.0,0.0,0.15833333333333333
-3.622,-46.205,4.111,-21.047,25.157999999999998,nan,nan,0.66,48.1219512195122,1.0,1.0,0.0,0.16666666666666666
-3.5876,-45.5449,4.1925,-20.6762,24.868699999999997,nan,nan,0.675,48.27804878048781,1.0,1.0,0.0,0.175
-3.5532,-44.8848,4.274,-20.3054,24.5794,nan,nan,0.69,48.43414634146342,1.0,1.0,0.0,0.18333333333333332
-3.5187999999999997,-44.2247,4.3555,-19.9346,24.2901,nan,nan,0.705,48.59024390243902,1.0,1.0,0.0,0.19166666666666665
-3.4844,-43.5646,4.437,-19.5638,24.000799999999998,nan,nan,0.72,48.74634146341463,1.0,1.0,0.0,0.2
-3.45,-42.9045,4.5184999999999995,-19.192999999999998,23.7115,nan,nan,0.735,48.90243902439024,1.0,1.0,0.0,0.20833333333333334
-3.4156,-42.2444,4.6,-18.8222,23.4222,nan,nan,0.75,49.05853658536585,1.0,1.0,0.0,0.21666666666666667
-3.3811999999999998,-41.5843,4.6815,-18.4514,23.1329,nan,nan,0.765,49.21463414634146,1.0,1.0,0.0,0.225
-3.3468,-40.9242,4.763,-18.080599999999997,22.843600000000002,nan,nan,0.78,49.37073170731707,1.0,1.0,0.0,0.23333333333333334
-3.3124000000000002,-40.2641,4.8445,-17.709799999999998,22.5543,nan,nan,0.795,49.52682926829268,1.0,1.0,0.0,0.24166666666666667
-3.278,-39.604,4.926,-17.339,22.265,nan,nan,0.81,49.68292682926829,1.0,1.0,0.0,0.25
-3.2055,-38.1974,5.0724,-16.5625,21.634900000000002,nan,nan,0.815,49.8390243902439,1.0,1.0,0.0,0.2583333333333333
-3.133,-36.7908,5.2188,-15.785999999999998,21.0048,nan,nan,0.82,49.99512195121951,1.0,1.0,0.0,0.26666666666666666
-3.0605,-35.3842,5.3652,-15.0095,20.3747,nan,nan,0.825,50.15121951219512,1.0,1.0,0.0,0.275
-2.988,-33.977599999999995,5.5116,-14.232999999999999,19.7446,nan,nan,0.83,50.30731707317073,1.0,1.0,0.0,0.2833333333333333
-2.9154999999999998,-32.571,5.6579999999999995,-13.456499999999998,19.1145,nan,nan,0.835,50.46341463414634,1.0,1.0,0.0,0.2916666666666667
-2.843,-31.1644,5.804399999999999,-12.68,18.4844,nan,nan,0.84,50.61951219512195,1.0,1.0,0.0,0.3
-2.7705,-29.7578,5.9508,-11.9035,17.854300000000002,nan,nan,0.845,50.77560975609756,1.0,1.0,0.0,0.30833333333333335
-2.698,-28.3512,6.0972,-11.126999999999999,17.2242,nan,nan,0.85,50.93170731707317,1.0,1.0,0.0,0.31666666666666665
-2.6254999999999997,-26.9446,6.2436,-10.3505,16.5941,nan,nan,0.855,51.08780487804878,1.0,1.0,0.0,0.325
-2.553,-25.538,6.39,-9.574,15.964,nan,nan,0.86,51.24390243902439,1.0,1.0,0.0,0.3333333333333333
-2.4938,-24.3858,6.553,-8.9164,15.4694,nan,nan,0.862,51.4,1.0,1.0,0.0,0.3416666666666667
-2.4346,-23.2336,6.715999999999999,-8.2588,14.9748,nan,nan,0.8640000000000001,51.8,1.0,1.0,0.0,0.35
-2.3754,-22.081400000000002,6.879,-7.6012,14.4802,nan,nan,0.866,52.2,1.0,1.0,0.0,0.35833333333333334
-2.3162,-20.9292,7.042,-6.9436,13.9856,nan,nan,0.868,52.6,1.0,1.0,0.0,0.36666666666666664
-2.257,-19.777,7.205,-6.286,13.491,nan,nan,0.87,53.0,1.0,1.0,0.0,0.375
-2.1978,-18.6248,7.367999999999999,-5.6284,12.996400000000001,nan,nan,0.872,53.4,1.0,1.0,0.0,0.3833333333333333
-2.1386000000000003,-17.4726,7.531,-4.9708000000000006,12.501800000000001,nan,nan,0.8740000000000001,53.8,1.0,1.0,0.0,0.39166666666666666
-2.0794,-16.3204,7.693999999999999,-4.3132,12.007200000000001,nan,nan,0.8759999999999999,54.2,1.0,1.0,0.0,0.4
-2.0202,-15.1682,7.856999999999999,-3.6556000000000006,11.5126,nan,nan,0.878,54.6,1.0,1.0,0.0,0.4083333333333333
-1.961,-14.016,8.02,-2.998,11.018,nan,nan,0.88,55.0,1.0,1.0,0.0,0.4166666666666667
-1.9521000000000002,-13.2296,8.1694,-2.5301,10.6995,nan,nan,0.882,54.5,1.0,1.0,0.0,0.425
-1.9432,-12.443200000000001,8.3188,-2.0622000000000003,10.381,nan,nan,0.884,54.0,1.0,1.0,0.0,0.43333333333333335
-1.9343000000000001,-11.6568,8.4682,-1.5943000000000003,10.0625,nan,nan,0.8859999999999999,53.5,1.0,1.0,0.0,0.44166666666666665
-1.9254,-10.8704,8.6176,-1.1264000000000003,9.744,nan,nan,0.888,53.0,1.0,1.0,0.0,0.45
-1.9165,-10.084,8.767,-0.6585000000000001,9.4255,nan,nan,0.89,52.5,1.0,1.0,0.0,0.4583333333333333
-1.9076000000000002,-9.2976,8.9164,-0.19060000000000032,9.107,nan,nan,0.892,52.0,1.0,1.0,0.0,0.4666666666666667
-1.8987,-8.5112,9.0658,0.2772999999999999,8.7885,nan,nan,0.894,51.5,1.0,1.0,0.0,0.475
-1.8898000000000001,-7.7248,9.2152,0.7451999999999996,8.47,nan,nan,0.8959999999999999,51.0,1.0,1.0,0.0,0.48333333333333334
-1.8809,-6.9384,9.3646,1.2130999999999998,8.1515,nan,nan,0.898,50.5,1.0,1.0,0.0,0.49166666666666664
-1.872,-6.152,9.514,1.681,7.833,nan,nan,0.9,50.0,1.0,1.0,0.0,0.5
-1.8237,-5.6035,9.587299999999999,1.9918999999999996,7.5954,nan,nan,0.899,50.2,1.0,1.0,0.0,0.5083333333333333
-1.7754,-5.055,9.660599999999999,2.3027999999999995,7.3578,nan,nan,0.898,50.4,1.0,1.0,0.0,0.5166666666666666
-1.7271,-4.5065,9.7339,2.6136999999999997,7.1202000000000005,nan,nan,0.897,50.6,1.0,1.0,0.0,0.525
-1.6788,-3.958,9.8072,2.9246,6.8826,nan,nan,0.8959999999999999,50.8,1.0,1.0,0.0,0.5333333333333333
-1.6305,-3.4095,9.8805,3.2355,6.645,nan,nan,0.895,51.0,1.0,1.0,0.0,0.5416666666666666
-1.5822,-2.8609999999999998,9.9538,3.5463999999999998,6.4074,nan,nan,0.894,51.2,1.0,1.0,0.0,0.55
-1.5339,-2.3125,10.027099999999999,3.8573,6.1698,nan,nan,0.893,51.4,1.0,1.0,0.0,0.5583333333333333
-1.4856,-1.7640000000000002,10.1004,4.1682,5.9322,nan,nan,0.892,51.6,1.0,1.0,0.0,0.5666666666666667
-1.4373,-1.2154999999999996,10.1737,4.4791,5.694599999999999,nan,nan,0.8909999999999999,51.8,1.0,1.0,0.0,0.575
-1.389,-0.6669999999999998,10.247,4.79,5.457,nan,nan,0.89,52.0,1.0,1.0,0.0,0.5833333333333334
-1.3785,-0.31090000000000007,10.2825,4.9858,5.2966999999999995,nan,nan,0.889,52.2,1.0,1.0,0.0,0.5916666666666667
-1.368,0.04519999999999991,10.318,5.1816,5.1364,nan,nan,0.888,52.4,1.0,1.0,0.0,0.6
-1.3575,0.4013,10.3535,5.3774,4.9761,nan,nan,0.887,52.6,1.0,1.0,0.0,0.6083333333333333
-1.347,0.7573999999999999,10.389,5.5732,4.8158,nan,nan,0.8859999999999999,52.8,1.0,1.0,0.0,0.6166666666666667
-1.3365,1.1135,10.4245,5.769,4.6555,nan,nan,0.885,53.0,1.0,1.0,0.0,0.625
-1.326,1.4696,10.46,5.9648,4.4952,nan,nan,0.884,53.2,1.0,1.0,0.0,0.6333333333333333
-1.3155000000000001,1.8257,10.4955,6.1606000000000005,4.3349,nan,nan,0.883,53.4,1.0,1.0,0.0,0.6416666666666666
-1.305,2.1818,10.531,6.3564,4.1746,nan,nan,0.882,53.6,1.0,1.0,0.0,0.65
-1.2945,2.5378999999999996,10.5665,6.5522,4.0143,nan,nan,0.8809999999999999,53.8,1.0,1.0,0.0,0.6583333333333333
-1.284,2.894,10.602,6.748,3.854,nan,nan,0.88,54.0,1.0,1.0,0.0,0.6666666666666666
-1.2986,3.1196,10.6422,6.8809000000000005,3.7613,nan,nan,0.887,53.8,1.0,1.0,0.0,0.675
-1.3132,3.3452,10.6824,7.0138,3.6686,nan,nan,0.894,53.6,1.0,1.0,0.0,0.6833333333333333
-1.3278,3.5708,10.7226,7.1467,3.5759,nan,nan,0.9009999999999999,53.4,1.0,1.0,0.0,0.6916666666666667
-1.3424,3.7964,10.7628,7.2796,3.4832,nan,nan,0.9079999999999999,53.2,1.0,1.0,0.0,0.7
-1.357,4.022,10.803,7.4125,3.3905,nan,nan,0.915,53.0,1.0,1.0,0.0,0.7083333333333334
-1.3716,4.2476,10.8432,7.5454,3.2977999999999996,nan,nan,0.922,52.8,1.0,1.0,0.0,0.7166666666666667
-1.3861999999999999,4.4732,10.8834,7.6783,3.2051,nan,nan,0.929,52.6,1.0,1.0,0.0,0.725
-1.4008,4.6988,10.9236,7.8111999999999995,3.1123999999999996,nan,nan,0.9359999999999999,52.4,1.0,1.0,0.0,0.7333333333333333
-1.4154,4.9244,10.963799999999999,7.9441,3.0196999999999994,nan,nan,0.943,52.2,1.0,1.0,0.0,0.7416666666666667
-1.43,5.15,11.004,8.077,2.9269999999999996,nan,nan,0.95,52.0,1.0,1.0,0.0,0.75
-1.4146999999999998,5.198600000000001,10.9622,8.080400000000001,2.8817999999999997,nan,nan,0.9490000000000001,52.0,1.0,1.0,0.0,0.7583333333333333
-1.3994,5.2472,10.920399999999999,8.0838,2.8366,nan,nan,0.948,52.0,1.0,1.0,0.0,0.7666666666666666
-1.3840999999999999,5.2958,10.8786,8.0872,2.7914,nan,nan,0.9470000000000001,52.0,1.0,1.0,0.0,0.775
-1.3688,5.3444,10.8368,8.0906,2.7462,nan,nan,0.946,52.0,1.0,1.0,0.0,0.7833333333333333
-1.3535,5.393000000000001,10.795,8.094000000000001,2.7009999999999996,nan,nan,0.945,52.0,1.0,1.0,0.0,0.7916666666666666
-1.3381999999999998,5.4416,10.7532,8.0974,2.6557999999999997,nan,nan,0.9440000000000001,52.0,1.0,1.0,0.0,0.8
-1.3229,5.4902,10.7114,8.1008,2.6106,nan,nan,0.943,52.0,1.0,1.0,0.0,0.8083333333333333
-1.3075999999999999,5.5388,10.6696,8.1042,2.5654,nan,nan,0.9420000000000001,52.0,1.0,1.0,0.0,0.8166666666666667
-1.2923,5.587400000000001,10.6278,8.107600000000001,2.5202,nan,nan,0.941,52.0,1.0,1.0,0.0,0.825
-1.277,5.636,10.586,8.111,2.475,nan,nan,0.94,52.0,1.0,1.0,0.0,0.8333333333333334
-1.265,5.5591,10.6015,8.080300000000001,2.5212,nan,nan,0.94,52.1,1.0,1.0,0.0,0.8416666666666667
-1.253,5.4822,10.617,8.0496,2.5674,nan,nan,0.94,52.2,1.0,1.0,0.0,0.85
-1.2409999999999999,5.4053,10.6325,8.0189,2.6136,nan,nan,0.94,52.3,1.0,1.0,0.0,0.8583333333333333
-1.2289999999999999,5.3284,10.648,7.988200000000001,2.6598,nan,nan,0.94,52.4,1.0,1.0,0.0,0.8666666666666667
-1.217,5.2515,10.663499999999999,7.9575000000000005,2.706,nan,nan,0.94,52.5,1.0,1.0,0.0,0.875
-1.205,5.1746,10.679,7.9268,2.7521999999999998,nan,nan,0.94,52.6,1.0,1.0,0.0,0.8833333333333333
-1.193,5.0977,10.6945,7.896100000000001,2.7984,nan,nan,0.94,52.7,1.0,1.0,0.0,0.8916666666666666
-1.181,5.0208,10.709999999999999,7.8654,2.8446,nan,nan,0.94,52.8,1.0,1.0,0.0,0.9
-1.169,4.9439,10.7255,7.834700000000001,2.8908,nan,nan,0.94,52.9,1.0,1.0,0.0,0.9083333333333333
-1.157,4.867,10.741,7.804,2.937,nan,nan,0.94,53.0,1.0,1.0,0.0,0.9166666666666666
-1.1756,5.0738,10.820599999999999,7.9472000000000005,2.8733999999999997,nan,nan,0.9390000000000001,53.0,0.8999999999999986,1.0,0.0,0.9249999999999999
-1.1942,5.2806,10.9002,8.0904,2.8098,nan,nan,0.938,53.0,0.7999999999999972,1.0,0.0,0.9333333333333333
-1.2128,5.4874,10.979800000000001,8.233600000000001,2.7462,nan,nan,0.937,53.0,0.6999999999999957,1.0,0.0,0.9416666666666667
-1.2314,5.6941999999999995,11.0594,8.376800000000001,2.6826,nan,nan,0.9359999999999999,53.0,0.5999999999999943,1.0,0.0,0.95
-1.25,5.901,11.139,8.52,2.619,nan,nan,0.935,53.0,0.5,1.0,0.0,0.9583333333333334
-1.2686,6.107799999999999,11.2186,8.6632,2.5554,nan,nan,0.934,53.0,0.3999999999999986,1.0,0.0,0.9666666666666667
-1.2872,6.3145999999999995,11.298200000000001,8.8064,2.4918000000000005,nan,nan,0.9329999999999999,53.0,0.29999999999999716,1.0,0.0,0.975
-1.3058,6.5214,11.3778,8.9496,2.4282000000000004,nan,nan,0.932,53.0,0.19999999999999574,1.0,0.0,0.9833333333333333
-1.3244,6.728199999999999,11.4574,9.0928,2.3646000000000003,nan,nan,0.9309999999999999,53.0,0.09999999999999432,1.0,0.0,0.9916666666666667
-1.343,6.935,11.537,9.236,2.3010000000000006,nan,nan,0.93,53.0,0.0,1.0,1.0,1.0
-1.311,8.177,11.718200000000001,9.947600000000001,1.7706000000000006,nan,nan,0.93,53.0,0.0,1.0,1.0,1.0
-1.279,9.419,11.8994,10.6592,1.2402000000000006,nan,nan,0.93,53.0,0.0,1.0,1.0,1.0
-1.2469999999999999,10.661,12.0806,11.370800000000001,0.7098000000000004,nan,nan,0.93,53.0,0.0,1.0,1.0,1.0
-1.2149999999999999,11.902999999999999,12.261800000000001,12.0824,0.17940000000000067,nan,nan,0.93,53.0,0.0,1.0,1.0,1.0
-1.1829999999999998,13.145,12.443000000000001,12.794,-0.35099999999999953,nan,nan,0.93,53.0,0.0,1.0,1.0,1.0
-1.151,14.387,12.6242,13.505600000000001,-0.8813999999999997,nan,nan,0.93,53.0,0.0,1.0,1.0,1.0
-1.119,15.629000000000001,12.8054,14.217200000000002,-1.4117999999999995,nan,nan,0.93,53.0,0.0,1.0,1.0,1.0
-1.087,16.871,12.986600000000001,14.9288,-1.9421999999999993,nan,nan,0.93,53.0,0.0,1.0,1.0,1.0
-1.055,18.113,13.1678,15.6404,-2.4725999999999995,nan,nan,0.93,53.0,0.0,1.0,1.0,1.0
-1.023,19.355,13.349,16.352,-3.0029999999999997,nan,nan,0.93,53.0,0.0,1.0,1.0,1.0
-1.0152999999999999,19.9139,13.3311,16.6225,-3.2914000000000003,nan,nan,0.935,53.1,0.0,1.0,1.0,1.0
-1.0075999999999998,20.4728,13.3132,16.893,-3.5798,nan,nan,0.94,53.2,0.0,1.0,1.0,1.0
-0.9998999999999999,21.0317,13.295300000000001,17.1635,-3.8682,nan,nan,0.945,53.3,0.0,1.0,1.0,1.0
-0.9922,21.590600000000002,13.2774,17.434,-4.1566,nan,nan,0.95,53.4,0.0,1.0,1.0,1.0
-0.9844999999999999,22.1495,13.2595,17.7045,-4.445,nan,nan,0.955,53.5,0.0,1.0,1.0,1.0
-0.9767999999999999,22.7084,13.2416,17.974999999999998,-4.7334,nan,nan,0.96,53.6,0.0,1.0,1.0,1.0
-0.9691,23.2673,13.223700000000001,18.2455,-5.0218,nan,nan,0.965,53.7,0.0,1.0,1.0,1.0
-0.9613999999999999,23.8262,13.2058,18.516,-5.3102,nan,nan,0.97,53.8,0.0,1.0,1.0,1.0
-0.9537,24.3851,13.187899999999999,18.786499999999997,-5.598599999999999,nan,nan,0.975,53.9,0.0,1.0,1.0,1.0
-0.946,24.944,13.17,19.057,-5.887,nan,nan,0.98,54.0,0.0,1.0,1.0,1.0
-0.9769,25.0957,13.2455,19.1706,-5.9251,nan,nan,0.98,54.5,0.0,1.0,1.0,1.0
-1.0078,25.2474,13.321,19.2842,-5.9632,nan,nan,0.98,55.0,0.0,1.0,1.0,1.0
-1.0387,25.399099999999997,13.3965,19.397799999999997,-6.0013,nan,nan,0.98,55.5,0.0,1.0,1.0,1.0
-1.0695999999999999,25.5508,13.472,19.5114,-6.0394,nan,nan,0.98,56.0,0.0,1.0,1.0,1.0
-1.1004999999999998,25.7025,13.5475,19.625,-6.077499999999999,nan,nan,0.98,56.5,0.0,1.0,1.0,1.0
-1.1314,25.8542,13.623000000000001,19.738599999999998,-6.115599999999999,nan,nan,0.98,57.0,0.0,1.0,1.0,1.0
-1.1622999999999999,26.005899999999997,13.698500000000001,19.852199999999996,-6.153699999999999,nan,nan,0.98,57.5,0.0,1.0,1.0,1.0
-1.1932,26.1576,13.774000000000001,19.965799999999998,-6.191799999999999,nan,nan,0.98,58.0,0.0,1.0,1.0,1.0
-1.2241,26.3093,13.8495,20.0794,-6.229899999999999,nan,nan,0.98,58.5,0.0,1.0,1.0,1.0
-1.255,26.461,13.925,20.192999999999998,-6.267999999999999,nan,nan,0.98,59.0,0.0,1.0,1.0,1.0
-1.2130999999999998,26.375799999999998,13.846400000000001,20.111099999999997,-6.2646999999999995,nan,nan,0.98,59.4,0.0,1.0,1.0,1.0
-1.1711999999999998,26.290599999999998,13.767800000000001,20.0292,-6.261399999999999,nan,nan,0.98,59.8,0.0,1.0,1.0,1.0
-1.1293,26.2054,13.6892,19.9473,-6.2581,nan,nan,0.98,60.2,0.0,1.0,1.0,1.0
-1.0874,26.1202,13.6106,19.8654,-6.2547999999999995,nan,nan,0.98,60.6,0.0,1.0,1.0,1.0
-1.0454999999999999,26.035,13.532,19.7835,-6.2515,nan,nan,0.98,61.0,0.0,1.0,1.0,1.0
-1.0036,25.9498,13.4534,19.7016,-6.248200000000001,nan,nan,0.98,61.4,0.0,1.0,1.0,1.0
-0.9617,25.8646,13.3748,19.6197,-6.2449,nan,nan,0.98,61.8,0.0,1.0,1.0,1.0
-0.9198,25.779400000000003,13.296199999999999,19.5378,-6.241600000000001,nan,nan,0.98,62.2,0.0,1.0,1.0,1.0
-0.8778999999999999,25.694200000000002,13.2176,19.455900000000003,-6.238300000000001,nan,nan,0.98,62.6,0.0,1.0,1.0,1.0
-0.836,25.609,13.139,19.374000000000002,-6.235000000000001,nan,nan,0.98,63.0,0.0,1.0,1.0,1.0
-0.8594999999999999,25.5269,13.1329,19.329900000000002,-6.197000000000001,nan,nan,0.98,64.1,0.0,1.0,1.0,1.0
-0.883,25.4448,13.1268,19.285800000000002,-6.159000000000001,nan,nan,0.98,65.2,0.0,1.0,1.0,1.0
-0.9065,25.3627,13.1207,19.2417,-6.121000000000001,nan,nan,0.98,66.3,0.0,1.0,1.0,1.0
-0.9299999999999999,25.2806,13.1146,19.1976,-6.083000000000001,nan,nan,0.98,67.4,0.0,1.0,1.0,1.0
-0.9535,25.198500000000003,13.1085,19.1535,-6.045000000000001,nan,nan,0.98,68.5,0.0,1.0,1.0,1.0
-0.977,25.116400000000002,13.1024,19.1094,-6.007000000000001,nan,nan,0.98,69.6,0.0,1.0,1.0,1.0
-1.0005,25.0343,13.0963,19.0653,-5.969,nan,nan,0.98,70.7,0.0,1.0,1.0,1.0
-1.024,24.9522,13.0902,19.0212,-5.931000000000001,nan,nan,0.98,71.8,0.0,1.0,1.0,1.0
-1.0474999999999999,24.8701,13.0841,18.9771,-5.893000000000001,nan,nan,0.98,72.9,0.0,1.0,1.0,1.0
-1.071,24.788,13.078,18.933,-5.855,nan,nan,0.98,74.0,0.0,1.0,1.0,1.0
-1.0606,24.299500000000002,13.0121,18.6558,-5.6437,nan,nan,0.98,74.5,0.0,1.0,1.0,1.0
-1.0502,23.811,12.9462,18.3786,-5.4324,nan,nan,0.98,75.0,0.0,1.0,1.0,1.0
-1.0398,23.322499999999998,12.8803,18.1014,-5.2211,nan,nan,0.98,75.5,0.0,1.0,1.0,1.0
-1.0293999999999999,22.834,12.8144,17.8242,-5.0098,nan,nan,0.98,76.0,0.0,1.0,1.0,1.0
-1.019,22.3455,12.7485,17.547,-4.7985,nan,nan,0.98,76.5,0.0,1.0,1.0,1.0
-1.0086,21.857,12.6826,17.2698,-4.587199999999999,nan,nan,0.98,77.0,0.0,1.0,1.0,1.0
-0.9982,21.368499999999997,12.6167,16.9926,-4.3759,nan,nan,0.98,77.5,0.0,1.0,1.0,1.0
-0.9878,20.88,12.5508,16.715400000000002,-4.164599999999999,nan,nan,0.98,78.0,0.0,1.0,1.0,1.0
-0.9773999999999999,20.3915,12.4849,16.438200000000002,-3.9532999999999996,nan,nan,0.98,78.5,0.0,1.0,1.0,1.0
-0.967,19.903,12.419,16.161,-3.741999999999999,nan,nan,0.98,79.0,0.0,1.0,1.0,1.0
-0.9722,19.871299999999998,12.3847,16.128,-3.743299999999999,nan,nan,0.981,77.8,0.0,1.0,1.0,1.0
-0.9773999999999999,19.839599999999997,12.3504,16.095000000000002,-3.7445999999999993,nan,nan,0.982,76.6,0.0,1.0,1.0,1.0
-0.9825999999999999,19.8079,12.3161,16.062,-3.745899999999999,nan,nan,0.983,75.4,0.0,1.0,1.0,1.0
-0.9877999999999999,19.7762,12.2818,16.029,-3.747199999999999,nan,nan,0.9840000000000001,74.2,0.0,1.0,1.0,1.0
-0.9929999999999999,19.7445,12.2475,15.996,-3.748499999999999,nan,nan,0.985,73.0,0.0,1.0,1.0,1.0
-0.9982,19.712799999999998,12.2132,15.963000000000001,-3.749799999999999,nan,nan,0.986,71.8,0.0,1.0,1.0,1.0
-1.0033999999999998,19.681099999999997,12.1789,15.93,-3.751099999999999,nan,nan,0.987,70.6,0.0,1.0,1.0,1.0
-1.0086,19.6494,12.1446,15.897,-3.752399999999999,nan,nan,0.988,69.4,0.0,1.0,1.0,1.0
-1.0137999999999998,19.6177,12.1103,15.863999999999999,-3.753699999999999,nan,nan,0.9890000000000001,68.2,0.0,1.0,1.0,1.0
-1.019,19.586,12.076,15.831,-3.754999999999999,nan,nan,0.99,67.0,0.0,1.0,1.0,1.0
-1.0139,19.402299999999997,12.0105,15.706399999999999,-3.695899999999999,nan,nan,0.9890000000000001,67.2,0.0,1.0,1.0,1.0
-1.0088,19.2186,11.945,15.5818,-3.636799999999999,nan,nan,0.988,67.4,0.0,1.0,1.0,1.0
-1.0036999999999998,19.0349,11.8795,15.4572,-3.577699999999999,nan,nan,0.987,67.6,0.0,1.0,1.0,1.0
-0.9985999999999999,18.8512,11.814,15.3326,-3.5185999999999993,nan,nan,0.986,67.8,0.0,1.0,1.0,1.0
-0.9934999999999999,18.667499999999997,11.7485,15.207999999999998,-3.4594999999999994,nan,nan,0.985,68.0,0.0,1.0,1.0,1.0
-0.9884,18.4838,11.683,15.0834,-3.4003999999999994,nan,nan,0.9840000000000001,68.2,0.0,1.0,1.0,1.0
-0.9833,18.3001,11.6175,14.9588,-3.3412999999999995,nan,nan,0.983,68.4,0.0,1.0,1.0,1.0
-0.9782,18.1164,11.552,14.8342,-3.2821999999999996,nan,nan,0.982,68.6,0.0,1.0,1.0,1.0
-0.9731,17.932699999999997,11.4865,14.709599999999998,-3.2230999999999996,nan,nan,0.981,68.8,0.0,1.0,1.0,1.0
-0.968,17.749,11.421,14.584999999999999,-3.1639999999999997,nan,nan,0.98,69.0,0.0,1.0,1.0,1.0
-0.9602999999999999,17.5629,11.3181,14.4405,-3.1224,nan,nan,0.981,68.8,0.0,1.0,1.0,1.0
-0.9526,17.3768,11.2152,14.296,-3.0808,nan,nan,0.982,68.6,0.0,1.0,1.0,1.0
-0.9449,17.1907,11.1123,14.151499999999999,-3.0391999999999997,nan,nan,0.983,68.4,0.0,1.0,1.0,1.0
-0.9372,17.0046,11.0094,14.007,-2.9976,nan,nan,0.9840000000000001,68.2,0.0,1.0,1.0,1.0
-0.9295,16.8185,10.9065,13.8625,-2.956,nan,nan,0.985,68.0,0.0,1.0,1.0,1.0
-0.9218,16.6324,10.8036,13.718,-2.9144,nan,nan,0.986,67.8,0.0,1.0,1.0,1.0
-0.9141,16.4463,10.7007,13.5735,-2.8728000000000002,nan,nan,0.987,67.6,0.0,1.0,1.0,1.0
-0.9064,16.2602,10.5978,13.429,-2.8312,nan,nan,0.988,67.4,0.0,1.0,1.0,1.0
-0.8987,16.0741,10.4949,13.284500000000001,-2.7896,nan,nan,0.9890000000000001,67.2,0.0,1.0,1.0,1.0
-0.891,15.888,10.392,13.14,-2.748,nan,nan,0.99,67.0,0.0,1.0,1.0,1.0
-0.8876000000000001,15.7064,10.2888,12.9976,-2.7088,nan,nan,0.99,66.5,0.0,1.0,1.0,1.0
-0.8842,15.524799999999999,10.185599999999999,12.8552,-2.6696,nan,nan,0.99,66.0,0.0,1.0,1.0,1.0
-0.8808,15.3432,10.0824,12.7128,-2.6304000000000003,nan,nan,0.99,65.5,0.0,1.0,1.0,1.0
-0.8774,15.1616,9.979199999999999,12.5704,-2.5912,nan,nan,0.99,65.0,0.0,1.0,1.0,1.0
-0.874,14.98,9.876,12.428,-2.552,nan,nan,0.99,64.5,0.0,1.0,1.0,1.0
-0.8706,14.798399999999999,9.7728,12.2856,-2.5128,nan,nan,0.99,64.0,0.0,1.0,1.0,1.0
-0.8672,14.6168,9.669599999999999,12.1432,-2.4736,nan,nan,0.99,63.5,0.0,1.0,1.0,1.0
-0.8638,14.4352,9.5664,12.0008,-2.4344,nan,nan,0.99,63.0,0.0,1.0,1.0,1.0
-0.8603999999999999,14.253599999999999,9.463199999999999,11.8584,-2.3952,nan,nan,0.99,62.5,0.0,1.0,1.0,1.0
-0.857,14.072,9.36,11.716,-2.356,nan,nan,0.99,62.0,0.0,1.0,1.0,1.0
-0.8437,13.864199999999999,9.262799999999999,11.5635,-2.3007,nan,nan,0.99,62.0,0.0,1.0,1.0,1.0
-0.8304,13.6564,9.1656,11.411,-2.2454,nan,nan,0.99,62.0,0.0,1.0,1.0,1.0
-0.8170999999999999,13.448599999999999,9.0684,11.2585,-2.1900999999999997,nan,nan,0.99,62.0,0.0,1.0,1.0,1.0
-0.8038,13.2408,8.9712,11.106,-2.1348,nan,nan,0.99,62.0,0.0,1.0,1.0,1.0
-0.7905,13.033,8.873999999999999,10.953499999999998,-2.0795,nan,nan,0.99,62.0,0.0,1.0,1.0,1.0
-0.7772,12.825199999999999,8.7768,10.800999999999998,-2.0242,nan,nan,0.99,62.0,0.0,1.0,1.0,1.0
-0.7639,12.6174,8.6796,10.648499999999999,-1.9688999999999999,nan,nan,0.99,62.0,0.0,1.0,1.0,1.0
-0.7505999999999999,12.4096,8.5824,10.495999999999999,-1.9135999999999997,nan,nan,0.99,62.0,0.0,1.0,1.0,1.0
-0.7373,12.2018,8.485199999999999,10.343499999999999,-1.8582999999999998,nan,nan,0.99,62.0,0.0,1.0,1.0,1.0
-0.724,11.994,8.388,10.190999999999999,-1.803,nan,nan,0.99,62.0,0.0,1.0,1.0,1.0
-0.7127,11.7625,8.3073,10.034899999999999,-1.7276,nan,nan,0.99,61.2,0.0,1.0,1.0,1.0
-0.7014,11.531,8.2266,9.8788,-1.6522,nan,nan,0.99,60.4,0.0,1.0,1.0,1.0
-0.6900999999999999,11.2995,8.1459,9.7227,-1.5768,nan,nan,0.99,59.6,0.0,1.0,1.0,1.0
-0.6788,11.068,8.0652,9.5666,-1.5013999999999998,nan,nan,0.99,58.8,0.0,1.0,1.0,1.0
-0.6675,10.836500000000001,7.984500000000001,9.410499999999999,-1.426,nan,nan,0.99,58.0,0.0,1.0,1.0,1.0
-0.6562,10.605,7.9038,9.2544,-1.3506,nan,nan,0.99,57.2,0.0,1.0,1.0,1.0
-0.6449,10.3735,7.8231,9.0983,-1.2752,nan,nan,0.99,56.4,0.0,1.0,1.0,1.0
-0.6335999999999999,10.142,7.7424,8.9422,-1.1998,nan,nan,0.99,55.6,0.0,1.0,1.0,1.0
-0.6223,9.9105,7.661700000000001,8.786100000000001,-1.1244,nan,nan,0.99,54.8,0.0,1.0,1.0,1.0
-0.611,9.679,7.581,8.63,-1.049,nan,nan,0.99,54.0,0.0,1.0,1.0,1.0
-0.6266,9.4837,7.5583,8.521,-0.9626999999999999,nan,nan,0.99,54.0,0.0,1.0,1.0,1.0
-0.6422,9.2884,7.5356000000000005,8.412,-0.8764,nan,nan,0.99,54.0,0.0,1.0,1.0,1.0
-0.6577999999999999,9.0931,7.5129,8.303,-0.7900999999999999,nan,nan,0.99,54.0,0.0,1.0,1.0,1.0
-0.6734,8.8978,7.490200000000001,8.194,-0.7038,nan,nan,0.99,54.0,0.0,1.0,1.0,1.0
-0.6890000000000001,8.7025,7.4675,8.085,-0.6174999999999999,nan,nan,0.99,54.0,0.0,1.0,1.0,1.0
-0.7046,8.507200000000001,7.4448,7.976000000000001,-0.5311999999999999,nan,nan,0.99,54.0,0.0,1.0,1.0,1.0
-0.7202,8.3119,7.4221,7.867,-0.44489999999999996,nan,nan,0.99,54.0,0.0,1.0,1.0,1.0
-0.7358,8.1166,7.3994,7.758,-0.3585999999999999,nan,nan,0.99,54.0,0.0,1.0,1.0,1.0
-0.7514000000000001,7.9213000000000005,7.3767000000000005,7.649,-0.2723,nan,nan,0.99,54.0,0.0,1.0,1.0,1.0
-0.767,7.726,7.354,7.54,-0.18599999999999994,nan,nan,0.99,54.0,0.0,1.0,1.0,1.0
-0.7562,7.5123999999999995,7.2832,7.3978,-0.11459999999999995,nan,nan,0.99,54.3,0.0,1.0,1.0,1.0
-0.7454000000000001,7.2988,7.2124,7.2556,-0.04319999999999996,nan,nan,0.99,54.6,0.0,1.0,1.0,1.0
-0.7346,7.0852,7.1416,7.1134,0.02820000000000003,nan,nan,0.99,54.9,0.0,1.0,1.0,1.0
-0.7238,6.8716,7.0708,6.9712000000000005,0.09960000000000002,nan,nan,0.99,55.2,0.0,1.0,1.0,1.0
-0.7130000000000001,6.6579999999999995,7.0,6.829000000000001,0.17100000000000004,nan,nan,0.99,55.5,0.0,1.0,1.0,1.0
-0.7022,6.4444,6.9292,6.6868,0.2424,nan,nan,0.99,55.8,0.0,1.0,1.0,1.0
-0.6914,6.2308,6.8584,6.5446,0.3138,nan,nan,0.99,56.1,0.0,1.0,1.0,1.0
-0.6806,6.0172,6.7876,6.4024,0.3852,nan,nan,0.99,56.4,0.0,1.0,1.0,1.0
-0.6698000000000001,5.8036,6.7168,6.2602,0.4566,nan,nan,0.99,56.7,0.0,1.0,1.0,1.0
-0.659,5.59,6.646,6.118,0.528,nan,nan,0.99,57.0,0.0,1.0,1.0,1.0
-0.6589,5.4801,6.5911,6.0356000000000005,0.5555000000000001,nan,nan,0.99,56.8,0.0,1.0,1.0,1.0
-0.6588,5.3702,6.5362,5.953200000000001,0.5830000000000001,nan,nan,0.99,56.6,0.0,1.0,1.0,1.0
-0.6587000000000001,5.2603,6.4813,5.8708,0.6105000000000002,nan,nan,0.99,56.4,0.0,1.0,1.0,1.0
-0.6586000000000001,5.150399999999999,6.4264,5.7884,0.6380000000000001,nan,nan,0.99,56.2,0.0,1.0,1.0,1.0
-0.6585000000000001,5.0405,6.3715,5.706,0.6655000000000002,nan,nan,0.99,56.0,0.0,1.0,1.0,1.0
-0.6584,4.9306,6.3166,5.623600000000001,0.6930000000000003,nan,nan,0.99,55.8,0.0,1.0,1.0,1.0
-0.6583,4.8206999999999995,6.2617,5.541200000000001,0.7205000000000003,nan,nan,0.99,55.6,0.0,1.0,1.0,1.0
-0.6582,4.7108,6.2068,5.4588,0.7480000000000003,nan,nan,0.99,55.4,0.0,1.0,1.0,1.0
-0.6581,4.600899999999999,6.1519,5.3764,0.7755000000000003,nan,nan,0.99,55.2,0.0,1.0,1.0,1.0
-0.658,4.491,6.097,5.2940000000000005,0.8030000000000004,nan,nan,0.99,55.0,0.0,1.0,1.0,1.0
-0.6729,4.3386,6.0842,5.2114,0.8728000000000004,nan,nan,0.99,54.8,0.0,1.0,1.0,1.0
-0.6878000000000001,4.1861999999999995,6.071400000000001,5.1288,0.9426000000000003,nan,nan,0.99,54.6,0.0,1.0,1.0,1.0
-0.7027,4.033799999999999,6.0586,5.046200000000001,1.0124000000000004,nan,nan,0.99,54.4,0.0,1.0,1.0,1.0
-0.7176,3.8813999999999997,6.045800000000001,4.9636000000000005,1.0822000000000003,nan,nan,0.99,54.2,0.0,1.0,1.0,1.0
-0.7325,3.729,6.033,4.881,1.1520000000000001,nan,nan,0.99,54.0,0.0,1.0,1.0,1.0
-0.7474000000000001,3.5766,6.0202,4.7984,1.2218000000000002,nan,nan,0.99,53.8,0.0,1.0,1.0,1.0
-0.7623,3.4242,6.0074000000000005,4.7158,1.2916000000000003,nan,nan,0.99,53.6,0.0,1.0,1.0,1.0
-0.7772,3.2718,5.9946,4.6332,1.3614000000000002,nan,nan,0.99,53.4,0.0,1.0,1.0,1.0
-0.7921,3.1194,5.981800000000001,4.5506,1.4312,nan,nan,0.99,53.2,0.0,1.0,1.0,1.0
-0.807,2.967,5.969,4.468,1.5010000000000001,nan,nan,0.99,53.0,0.0,1.0,1.0,1.0
-0.8249000000000001,2.8766000000000003,5.952,4.4143,1.5377,nan,nan,0.9890000000000001,53.4,0.0,1.0,1.0,1.0
-0.8428,2.7862,5.9350000000000005,4.3606,1.5744,nan,nan,0.988,53.8,0.0,1.0,1.0,1.0
-0.8607,2.6958,5.918,4.3069,1.6111000000000002,nan,nan,0.987,54.2,0.0,1.0,1.0,1.0
-0.8786,2.6054,5.901000000000001,4.2532,1.6478000000000002,nan,nan,0.986,54.6,0.0,1.0,1.0,1.0
-0.8965000000000001,2.515,5.884,4.1995000000000005,1.6845,nan,nan,0.985,55.0,0.0,1.0,1.0,1.0
-0.9144,2.4246,5.867,4.1458,1.7212,nan,nan,0.9840000000000001,55.4,0.0,1.0,1.0,1.0
-0.9323,2.3342,5.8500000000000005,4.0921,1.7579000000000002,nan,nan,0.983,55.8,0.0,1.0,1.0,1.0
-0.9501999999999999,2.2438000000000002,5.833,4.0384,1.7946000000000002,nan,nan,0.982,56.2,0.0,1.0,1.0,1.0
-0.9681,2.1534,5.816000000000001,3.9847,1.8313000000000001,nan,nan,0.981,56.6,0.0,1.0,1.0,1.0
-0.986,2.063,5.799,3.931,1.868,nan,nan,0.98,57.0,0.0,1.0,1.0,1.0
-0.9435,1.9451,5.674300000000001,3.8097,1.8646,nan,nan,0.981,56.9,0.0,1.0,1.0,1.0
-0.901,1.8272000000000002,5.5496,3.6884,1.8612,nan,nan,0.982,56.8,0.0,1.0,1.0,1.0
-0.8585,1.7093,5.4249,3.5671,1.8578000000000001,nan,nan,0.983,56.7,0.0,1.0,1.0,1.0
-0.8160000000000001,1.5914000000000001,5.3002,3.4458,1.8544,nan,nan,0.9840000000000001,56.6,0.0,1.0,1.0,1.0
-0.7735000000000001,1.4735,5.1754999999999995,3.3245,1.851,nan,nan,0.985,56.5,0.0,1.0,1.0,1.0
-0.7310000000000001,1.3556,5.0508,3.2032,1.8476,nan,nan,0.986,56.4,0.0,1.0,1.0,1.0
-0.6885000000000001,1.2377,4.9261,3.0819,1.8441999999999998,nan,nan,0.987,56.3,0.0,1.0,1.0,1.0
-0.646,1.1198,4.8014,2.9606,1.8408,nan,nan,0.988,56.2,0.0,1.0,1.0,1.0
-0.6035,1.0019,4.6767,2.8392999999999997,1.8374,nan,nan,0.9890000000000001,56.1,0.0,1.0,1.0,1.0
-0.561,0.8839999999999999,4.552,2.718,1.8339999999999999,nan,nan,0.99,56.0,0.0,1.0,1.0,1.0
-0.5001,0.7449,4.3847,2.5648,1.8198999999999999,nan,nan,0.9890000000000001,55.9,0.0,1.0,1.0,1.0
-0.43920000000000003,0.6058,4.2174,2.4116,1.8057999999999998,nan,nan,0.988,55.8,0.0,1.0,1.0,1.0
-0.3783,0.4667,4.0501,2.2584,1.7916999999999998,nan,nan,0.987,55.7,0.0,1.0,1.0,1.0
-0.3174,0.3276,3.8827999999999996,2.1052,1.7775999999999998,nan,nan,0.986,55.6,0.0,1.0,1.0,1.0
-0.2565,0.1885,3.7154999999999996,1.952,1.7635,nan,nan,0.985,55.5,0.0,1.0,1.0,1.0
-0.1956,0.0494,3.5481999999999996,1.7988,1.7494,nan,nan,0.9840000000000001,55.4,0.0,1.0,1.0,1.0
-0.1347,-0.0897,3.3809,1.6456,1.7353,nan,nan,0.983,55.3,0.0,1.0,1.0,1.0
-0.07379999999999998,-0.2288,3.2136,1.4924,1.7212,nan,nan,0.982,55.2,0.0,1.0,1.0,1.0
-0.012900000000000023,-0.3679,3.0463,1.3392,1.7071,nan,nan,0.981,55.1,0.0,1.0,1.0,1.0
0.04800000000000004,-0.507,2.879,1.186,1.693,nan,nan,0.98,55.0,0.0,1.0,1.0,1.0
-0.0456,-0.5128,3.027,1.2570999999999999,1.7699,nan,nan,0.981,54.8,0.0,1.0,1.0,1.0
-0.1392,-0.5186,3.175,1.3282,1.8468,nan,nan,0.982,54.6,0.0,1.0,1.0,1.0
-0.2328,-0.5244,3.323,1.3993,1.9237,nan,nan,0.983,54.4,0.0,1.0,1.0,1.0
-0.3264,-0.5302,3.471,1.4704,2.0006,nan,nan,0.9840000000000001,54.2,0.0,1.0,1.0,1.0
-0.42000000000000004,-0.536,3.6189999999999998,1.5415,2.0774999999999997,nan,nan,0.985,54.0,0.0,1.0,1.0,1.0
-0.5136,-0.5418,3.767,1.6126,2.1544,nan,nan,0.986,53.8,0.0,1.0,1.0,1.0
-0.6072,-0.5476,3.915,1.6837,2.2313,nan,nan,0.987,53.6,0.0,1.0,1.0,1.0
-0.7008,-0.5534,4.063,1.7548,2.3082,nan,nan,0.988,53.4,0.0,1.0,1.0,1.0
-0.7944,-0.5591999999999999,4.211,1.8258999999999999,2.3850999999999996,nan,nan,0.9890000000000001,53.2,0.0,1.0,1.0,1.0
-0.888,-0.565,4.359,1.897,2.4619999999999997,nan,nan,0.99,53.0,0.0,1.0,1.0,1.0
-0.8655,-0.6206999999999999,4.2891,1.8342,2.4549,nan,nan,0.99,53.2,0.0,1.0,1.0,1.0
-0.843,-0.6764,4.2192,1.7714,2.4478,nan,nan,0.99,53.4,0.0,1.0,1.0,1.0
-0.8205,-0.7321,4.1493,1.7086000000000001,2.4406999999999996,nan,nan,0.99,53.6,0.0,1.0,1.0,1.0
-0.798,-0.7878000000000001,4.0794,1.6458000000000002,2.4335999999999998,nan,nan,0.99,53.8,0.0,1.0,1.0,1.0
-0.7755000000000001,-0.8435,4.0095,1.5830000000000002,2.4265,nan,nan,0.99,54.0,0.0,1.0,1.0,1.0
-0.753,-0.8992,3.9396,1.5202,2.4194,nan,nan,0.99,54.2,0.0,1.0,1.0,1.0
-0.7305,-0.9549000000000001,3.8697,1.4574000000000003,2.4123,nan,nan,0.99,54.4,0.0,1.0,1.0,1.0
-0.7080000000000001,-1.0106000000000002,3.7998000000000003,1.3946,2.4052,nan,nan,0.99,54.6,0.0,1.0,1.0,1.0
-0.6855,-1.0663,3.7299,1.3318000000000003,2.3981,nan,nan,0.99,54.8,0.0,1.0,1.0,1.0
-0.663,-1.122,3.66,1.2690000000000001,2.391,nan,nan,0.99,55.0,0.0,1.0,1.0,1.0
-0.6427,-1.2098,3.5966,1.1934,2.4032,nan,nan,0.9890000000000001,55.1,0.0,1.0,1.0,1.0
-0.6224000000000001,-1.2976,3.5332,1.1178000000000001,2.4154,nan,nan,0.988,55.2,0.0,1.0,1.0,1.0
-0.6021000000000001,-1.3854000000000002,3.4698,1.0422,2.4276,nan,nan,0.987,55.3,0.0,1.0,1.0,1.0
-0.5818,-1.4732,3.4064,0.9666,2.4398,nan,nan,0.986,55.4,0.0,1.0,1.0,1.0
-0.5615,-1.561,3.343,0.891,2.452,nan,nan,0.985,55.5,0.0,1.0,1.0,1.0
-0.5412,-1.6488,3.2796,0.8154,2.4642,nan,nan,0.9840000000000001,55.6,0.0,1.0,1.0,1.0
-0.5209,-1.7366000000000001,3.2161999999999997,0.7398,2.4764,nan,nan,0.983,55.7,0.0,1.0,1.0,1.0
-0.5006,-1.8244,3.1528,0.6641999999999999,2.4886,nan,nan,0.982,55.8,0.0,1.0,1.0,1.0
-0.4803,-1.9122,3.0894,0.5885999999999999,2.5008,nan,nan,0.981,55.9,0.0,1.0,1.0,1.0
-0.46,-2.0,3.026,0.5129999999999999,2.513,nan,nan,0.98,56.0,0.0,1.0,1.0,1.0
-0.46900000000000003,-2.0294,3.0198,0.4951999999999999,2.5246,nan,nan,0.981,56.2,0.0,1.0,1.0,1.0
-0.47800000000000004,-2.0588,3.0136,0.47739999999999994,2.5362,nan,nan,0.982,56.4,0.0,1.0,1.0,1.0
-0.48700000000000004,-2.0882,3.0073999999999996,0.4595999999999999,2.5478,nan,nan,0.983,56.6,0.0,1.0,1.0,1.0
-0.49600000000000005,-2.1176,3.0012,0.4417999999999999,2.5594,nan,nan,0.9840000000000001,56.8,0.0,1.0,1.0,1.0
-0.505,-2.1470000000000002,2.995,0.42399999999999993,2.5709999999999997,nan,nan,0.985,57.0,0.0,1.0,1.0,1.0
-0.514,-2.1764,2.9888,0.40619999999999995,2.5826,nan,nan,0.986,57.2,0.0,1.0,1.0,1.0
-0.523,-2.2058,2.9825999999999997,0.38839999999999997,2.5942,nan,nan,0.987,57.4,0.0,1.0,1.0,1.0
-0.532,-2.2352,2.9764,0.37059999999999993,2.6058,nan,nan,0.988,57.6,0.0,1.0,1.0,1.0
-0.541,-2.2646,2.9702,0.35279999999999995,2.6174,nan,nan,0.9890000000000001,57.8,0.0,1.0,1.0,1.0
-0.55,-2.294,2.964,0.33499999999999996,2.629,nan,nan,0.99,58.0,0.0,1.0,1.0,1.0
-0.5452,-2.3343,2.9349,0.30029999999999996,2.6346,nan,nan,0.9890000000000001,57.9,0.0,1.0,1.0,1.0
-0.5404,-2.3746,2.9058,0.26559999999999995,2.6402,nan,nan,0.988,57.8,0.0,1.0,1.0,1.0
-0.5356000000000001,-2.4149000000000003,2.8767,0.23089999999999997,2.6458,nan,nan,0.987,57.7,0.0,1.0,1.0,1.0
-0.5308,-2.4552,2.8476,0.19619999999999999,2.6514,nan,nan,0.986,57.6,0.0,1.0,1.0,1.0
-0.526,-2.4955,2.8185000000000002,0.16149999999999998,2.657,nan,nan,0.985,57.5,0.0,1.0,1.0,1.0
-0.5212,-2.5358,2.7894,0.12679999999999997,2.6626,nan,nan,0.9840000000000001,57.4,0.0,1.0,1.0,1.0
-0.5164,-2.5761000000000003,2.7603,0.09209999999999999,2.6682,nan,nan,0.983,57.3,0.0,1.0,1.0,1.0
-0.5116,-2.6164,2.7312,0.05740000000000001,2.6738,nan,nan,0.982,57.2,0.0,1.0,1.0,1.0
-0.5068,-2.6567,2.7021,0.022699999999999998,2.6794000000000002,nan,nan,0.981,57.1,0.0,1.0,1.0,1.0
-0.502,-2.697,2.673,-0.01200000000000001,2.685,nan,nan,0.98,57.0,0.0,1.0,1.0,1.0
-0.4965,-2.7504,2.6438,-0.053300000000000014,2.6971,nan,nan,0.981,56.4,0.0,1.0,1.0,1.0
-0.491,-2.8038,2.6146,-0.09460000000000002,2.7092,nan,nan,0.982,55.8,0.0,1.0,1.0,1.0
-0.4855,-2.8572,2.5854,-0.13590000000000002,2.7213000000000003,nan,nan,0.983,55.2,0.0,1.0,1.0,1.0
-0.48,-2.9106,2.5562,-0.17720000000000002,2.7334,nan,nan,0.9840000000000001,54.6,0.0,1.0,1.0,1.0
-0.47450000000000003,-2.964,2.527,-0.21850000000000003,2.7455,nan,nan,0.985,54.0,0.0,1.0,1.0,1.0
-0.46900000000000003,-3.0174,2.4978,-0.25980000000000003,2.7576,nan,nan,0.986,53.4,0.0,1.0,1.0,1.0
-0.4635,-3.0707999999999998,2.4686,-0.30110000000000003,2.7697000000000003,nan,nan,0.987,52.8,0.0,1.0,1.0,1.0
-0.458,-3.1242,2.4394,-0.34240000000000004,2.7818,nan,nan,0.988,52.2,0.0,1.0,1.0,1.0
-0.4525,-3.1776,2.4101999999999997,-0.38370000000000004,2.7939,nan,nan,0.9890000000000001,51.6,0.0,1.0,1.0,1.0
-0.447,-3.231,2.381,-0.42500000000000004,2.806,nan,nan,0.99,51.0,0.0,1.0,1.0,1.0
-0.4561,-3.2285999999999997,2.397,-0.41580000000000006,2.8128,nan,nan,0.9890000000000001,50.9,0.0,1.0,1.0,1.0
-0.4652,-3.2262,2.413,-0.4066,2.8196,nan,nan,0.988,50.8,0.0,1.0,1.0,1.0
-0.4743,-3.2237999999999998,2.429,-0.39740000000000003,2.8264,nan,nan,0.987,50.7,0.0,1.0,1.0,1.0
-0.4834,-3.2214,2.445,-0.3882,2.8331999999999997,nan,nan,0.986,50.6,0.0,1.0,1.0,1.0
-0.49250000000000005,-3.219,2.461,-0.379,2.84,nan,nan,0.985,50.5,0.0,1.0,1.0,1.0
-0.5016,-3.2165999999999997,2.477,-0.3698,2.8468,nan,nan,0.9840000000000001,50.4,0.0,1.0,1.0,1.0
-0.5107,-3.2142,2.493,-0.3606,2.8535999999999997,nan,nan,0.983,50.3,0.0,1.0,1.0,1.0
-0.5198,-3.2117999999999998,2.509,-0.3514,2.8604,nan,nan,0.982,50.2,0.0,1.0,1.0,1.0
-0.5289,-3.2094,2.525,-0.34219999999999995,2.8671999999999995,nan,nan,0.981,50.1,0.0,1.0,1.0,1.0
-0.538,-3.207,2.541,-0.33299999999999996,2.8739999999999997,nan,nan,0.98,50.0,0.0,1.0,1.0,1.0
-0.5372,-3.2125,2.5227,-0.3449,2.8675999999999995,nan,nan,0.981,50.2,0.0,1.0,1.0,1.0
-0.5364,-3.218,2.5044,-0.35679999999999995,2.8611999999999997,nan,nan,0.982,50.4,0.0,1.0,1.0,1.0
-0.5356000000000001,-3.2235,2.4861,-0.36869999999999997,2.8548,nan,nan,0.983,50.6,0.0,1.0,1.0,1.0
-0.5348,-3.229,2.4678,-0.38059999999999994,2.8484,nan,nan,0.9840000000000001,50.8,0.0,1.0,1.0,1.0
-0.534,-3.2344999999999997,2.4495,-0.39249999999999996,2.8419999999999996,nan,nan,0.985,51.0,0.0,1.0,1.0,1.0
-0.5332,-3.2399999999999998,2.4312,-0.4044,2.8356,nan,nan,0.986,51.2,0.0,1.0,1.0,1.0
-0.5324,-3.2455,2.4129,-0.41629999999999995,2.8292,nan,nan,0.987,51.4,0.0,1.0,1.0,1.0
-0.5316000000000001,-3.251,2.3946,-0.4281999999999999,2.8228,nan,nan,0.988,51.6,0.0,1.0,1.0,1.0
-0.5308,-3.2565,2.3763,-0.44009999999999994,2.8164,nan,nan,0.9890000000000001,51.8,0.0,1.0,1.0,1.0
-0.53,-3.262,2.358,-0.45199999999999996,2.81,nan,nan,0.99,52.0,0.0,1.0,1.0,1.0
-0.5069,-3.3367,2.3171,-0.5098,2.8269,nan,nan,0.99,52.2,0.0,1.0,1.0,1.0
-0.4838,-3.4114,2.2762000000000002,-0.5676,2.8438,nan,nan,0.99,52.4,0.0,1.0,1.0,1.0
-0.4607,-3.4861,2.2353,-0.6254000000000001,2.8607,nan,nan,0.99,52.6,0.0,1.0,1.0,1.0
-0.4376,-3.5608000000000004,2.1944,-0.6832,2.8776,nan,nan,0.99,52.8,0.0,1.0,1.0,1.0
-0.4145,-3.6355000000000004,2.1535,-0.7410000000000001,2.8945,nan,nan,0.99,53.0,0.0,1.0,1.0,1.0
-0.39139999999999997,-3.7102000000000004,2.1126,-0.7988000000000002,2.9114,nan,nan,0.99,53.2,0.0,1.0,1.0,1.0
-0.3683,-3.7849000000000004,2.0717,-0.8566000000000001,2.9283,nan,nan,0.99,53.4,0.0,1.0,1.0,1.0
-0.3452,-3.8596000000000004,2.0308,-0.9144000000000001,2.9452000000000003,nan,nan,0.99,53.6,0.0,1.0,1.0,1.0
-0.3221,-3.9343000000000004,1.9899,-0.9722000000000002,2.9621,nan,nan,0.99,53.8,0.0,1.0,1.0,1.0
-0.299,-4.009,1.949,-1.0300000000000002,2.979,nan,nan,0.99,54.0,0.0,1.0,1.0,1.0
-0.3273,-3.9601,1.9931,-0.9835000000000003,2.9766,nan,nan,0.99,53.8,0.0,1.0,1.0,1.0
-0.35559999999999997,-3.9112000000000005,2.0372,-0.9370000000000002,2.9742,nan,nan,0.99,53.6,0.0,1.0,1.0,1.0
-0.38389999999999996,-3.8623000000000003,2.0813,-0.8905000000000002,2.9718,nan,nan,0.99,53.4,0.0,1.0,1.0,1.0
-0.41219999999999996,-3.8134,2.1254,-0.8440000000000001,2.9694000000000003,nan,nan,0.99,53.2,0.0,1.0,1.0,1.0
-0.4405,-3.7645,2.1695,-0.7975000000000001,2.967,nan,nan,0.99,53.0,0.0,1.0,1.0,1.0
-0.4688,-3.7156000000000002,2.2136,-0.7510000000000001,2.9646,nan,nan,0.99,52.8,0.0,1.0,1.0,1.0
-0.4971,-3.6667,2.2577000000000003,-0.7045,2.9622,nan,nan,0.99,52.6,0.0,1.0,1.0,1.0
-0.5254,-3.6178,2.3018,-0.658,2.9598,nan,nan,0.99,52.4,0.0,1.0,1.0,1.0
-0.5537,-3.5689,2.3459000000000003,-0.6114999999999999,2.9574000000000003,nan,nan,0.99,52.2,0.0,1.0,1.0,1.0
-0.582,-3.52,2.39,-0.565,2.955,nan,nan,0.99,52.0,0.0,1.0,1.0,1.0
-0.57,-3.5552,2.3760000000000003,-0.5895999999999999,2.9656000000000002,nan,nan,0.99,52.1,0.0,1.0,1.0,1.0
-0.5579999999999999,-3.5904,2.362,-0.6142,2.9762,nan,nan,0.99,52.2,0.0,1.0,1.0,1.0
-0.5459999999999999,-3.6256,2.348,-0.6387999999999999,2.9868,nan,nan,0.99,52.3,0.0,1.0,1.0,1.0
-0.534,-3.6608,2.334,-0.6634,2.9974,nan,nan,0.99,52.4,0.0,1.0,1.0,1.0
-0.522,-3.6959999999999997,2.3200000000000003,-0.688,3.008,nan,nan,0.99,52.5,0.0,1.0,1.0,1.0
-0.51,-3.7312,2.306,-0.7125999999999999,3.0186,nan,nan,0.99,52.6,0.0,1.0,1.0,1.0
-0.498,-3.7664,2.292,-0.7372,3.0292,nan,nan,0.99,52.7,0.0,1.0,1.0,1.0
-0.486,-3.8015999999999996,2.278,-0.7618,3.0398,nan,nan,0.99,52.8,0.0,1.0,1.0,1.0
-0.474,-3.8367999999999998,2.2640000000000002,-0.7864,3.0504,nan,nan,0.99,52.9,0.0,1.0,1.0,1.0
-0.462,-3.872,2.25,-0.8109999999999999,3.061,nan,nan,0.99,53.0,0.0,1.0,1.0,1.0
-0.44530000000000003,-3.8907,2.1807,-0.855,3.0357,nan,nan,0.99,52.987434554973824,0.0,1.0,1.0,1.0
-0.42860000000000004,-3.9093999999999998,2.1114,-0.899,3.0103999999999997,nan,nan,0.99,52.97486910994765,0.0,1.0,1.0,1.0
-0.41190000000000004,-3.9281,2.0421,-0.943,2.9851,nan,nan,0.99,52.962303664921464,0.0,1.0,1.0,1.0
-0.3952,-3.9468,1.9727999999999999,-0.987,2.9598,nan,nan,0.99,52.94973821989529,0.0,1.0,1.0,1.0
-0.3785,-3.9655,1.9035,-1.0310000000000001,2.9345,nan,nan,0.99,52.93717277486911,0.0,1.0,1.0,1.0
-0.3618,-3.9842,1.8342,-1.075,2.9092,nan,nan,0.99,52.924607329842935,0.0,1.0,1.0,1.0
-0.3451,-4.0029,1.7649,-1.119,2.8838999999999997,nan,nan,0.99,52.91204188481675,0.0,1.0,1.0,1.0
-0.3284,-4.0216,1.6956,-1.163,2.8586,nan,nan,0.99,52.899476439790575,0.0,1.0,1.0,1.0
-0.3117,-4.0403,1.6263,-1.207,2.8333,nan,nan,0.99,52.8869109947644,0.0,1.0,1.0,1.0
-0.295,-4.059,1.557,-1.2510000000000001,2.808,nan,nan,0.99,52.87434554973822,0.0,1.0,1.0,1.0
-0.2712,-4.0882000000000005,1.505,-1.2916,2.7965999999999998,nan,nan,0.99,52.86178010471204,0.0,1.0,1.0,1.0
-0.2474,-4.1174,1.4529999999999998,-1.3322,2.7851999999999997,nan,nan,0.99,52.84921465968586,0.0,1.0,1.0,1.0
-0.2236,-4.1466,1.401,-1.3728,2.7738,nan,nan,0.99,52.83664921465969,0.0,1.0,1.0,1.0
-0.1998,-4.1758,1.349,-1.4134000000000002,2.7624,nan,nan,0.99,52.82408376963351,0.0,1.0,1.0,1.0
-0.176,-4.205,1.297,-1.4540000000000002,2.751,nan,nan,0.99,52.81151832460733,0.0,1.0,1.0,1.0
-0.1522,-4.2342,1.2449999999999999,-1.4946000000000002,2.7396,nan,nan,0.99,52.79895287958115,0.0,1.0,1.0,1.0
-0.12840000000000001,-4.2634,1.193,-1.5352000000000001,2.7281999999999997,nan,nan,0.99,52.786387434554975,0.0,1.0,1.0,1.0
-0.10460000000000003,-4.2926,1.141,-1.5758,2.7168,nan,nan,0.99,52.7738219895288,0.0,1.0,1.0,1.0
-0.08080000000000001,-4.3218,1.089,-1.6164,2.7054,nan,nan,0.99,52.761256544502615,0.0,1.0,1.0,1.0
-0.05700000000000002,-4.351,1.037,-1.657,2.694,nan,nan,0.99,52.74869109947644,0.0,1.0,1.0,1.0
-0.0654,-4.338,1.0499999999999998,-1.6440000000000001,2.694,nan,nan,0.99,52.73612565445026,0.0,1.0,1.0,1.0
-0.0738,-4.325,1.063,-1.631,2.694,nan,nan,0.99,52.723560209424086,0.0,1.0,1.0,1.0
-0.0822,-4.312,1.076,-1.618,2.694,nan,nan,0.99,52.7109947643979,0.0,1.0,1.0,1.0
-0.09059999999999999,-4.299,1.089,-1.605,2.694,nan,nan,0.99,52.698429319371726,0.0,1.0,1.0,1.0
-0.099,-4.286,1.1019999999999999,-1.592,2.694,nan,nan,0.99,52.68586387434555,0.0,1.0,1.0,1.0
-0.1074,-4.273,1.115,-1.5790000000000002,2.694,nan,nan,0.99,52.673298429319374,0.0,1.0,1.0,1.0
-0.11579999999999999,-4.26,1.1280000000000001,-1.566,2.694,nan,nan,0.99,52.66073298429319,0.0,1.0,1.0,1.0
-0.12419999999999998,-4.247,1.141,-1.5530000000000002,2.694,nan,nan,0.99,52.648167539267014,0.0,1.0,1.0,1.0
-0.1326,-4.234,1.1540000000000001,-1.54,2.694,nan,nan,0.99,52.63560209424084,0.0,1.0,1.0,1.0
-0.141,-4.221,1.167,-1.5270000000000001,2.694,nan,nan,0.99,52.62303664921466,0.0,1.0,1.0,1.0
-0.14179999999999998,-4.2112,1.1732,-1.5190000000000001,2.6922,nan,nan,0.99,52.610471204188485,0.0,1.0,1.0,1.0
-0.14259999999999998,-4.2014000000000005,1.1794,-1.5110000000000001,2.6904,nan,nan,0.99,52.5979057591623,0.0,1.0,1.0,1.0
-0.1434,-4.1916,1.1856,-1.5030000000000001,2.6886,nan,nan,0.99,52.585340314136126,0.0,1.0,1.0,1.0
-0.1442,-4.1818,1.1918,-1.495,2.6868,nan,nan,0.99,52.57277486910995,0.0,1.0,1.0,1.0
-0.145,-4.172000000000001,1.198,-1.487,2.685,nan,nan,0.99,52.56020942408377,0.0,1.0,1.0,1.0
-0.14579999999999999,-4.1622,1.2042000000000002,-1.479,2.6832000000000003,nan,nan,0.99,52.54764397905759,0.0,1.0,1.0,1.0
-0.14659999999999998,-4.1524,1.2104000000000001,-1.471,2.6814,nan,nan,0.99,52.53507853403141,0.0,1.0,1.0,1.0
-0.1474,-4.1426,1.2166000000000001,-1.463,2.6796,nan,nan,0.99,52.52251308900524,0.0,1.0,1.0,1.0
-0.1482,-4.1328000000000005,1.2228,-1.455,2.6778,nan,nan,0.99,52.50994764397906,0.0,1.0,1.0,1.0
-0.149,-4.123,1.229,-1.447,2.676,nan,nan,0.99,52.49738219895288,0.0,1.0,1.0,1.0
-0.1473,-4.1465000000000005,1.2537,-1.4464000000000001,2.7001,nan,nan,0.99,52.4848167539267,0.0,1.0,1.0,1.0
-0.1456,-4.17,1.2784,-1.4458,2.7242,nan,nan,0.99,52.472251308900525,0.0,1.0,1.0,1.0
-0.1439,-4.1935,1.3031000000000001,-1.4452,2.7483,nan,nan,0.99,52.45968586387435,0.0,1.0,1.0,1.0
-0.1422,-4.217,1.3278,-1.4445999999999999,2.7724,nan,nan,0.99,52.447120418848165,0.0,1.0,1.0,1.0
-0.1405,-4.2405,1.3525,-1.444,2.7965,nan,nan,0.99,52.43455497382199,0.0,1.0,1.0,1.0
-0.1388,-4.264,1.3772,-1.4434,2.8205999999999998,nan,nan,0.99,52.42198952879581,0.0,1.0,1.0,1.0
-0.1371,-4.2875,1.4019,-1.4427999999999999,2.8447,nan,nan,0.99,52.409424083769636,0.0,1.0,1.0,1.0
-0.1354,-4.311,1.4266,-1.4422,2.8688,nan,nan,0.99,52.39685863874345,0.0,1.0,1.0,1.0
-0.1337,-4.334499999999999,1.4513,-1.4415999999999998,2.8929,nan,nan,0.99,52.384293193717276,0.0,1.0,1.0,1.0
-0.132,-4.358,1.476,-1.4409999999999998,2.917,nan,nan,0.99,52.3717277486911,0.0,1.0,1.0,1.0
-0.1335,-4.3264,1.5534,-1.3864999999999998,2.9398999999999997,nan,nan,0.99,52.359162303664924,0.0,1.0,1.0,1.0
-0.135,-4.2947999999999995,1.6308,-1.3319999999999999,2.9627999999999997,nan,nan,0.99,52.34659685863874,0.0,1.0,1.0,1.0
-0.1365,-4.263199999999999,1.7082,-1.2774999999999999,2.9857,nan,nan,0.99,52.334031413612564,0.0,1.0,1.0,1.0
-0.138,-4.231599999999999,1.7856,-1.2229999999999999,3.0086,nan,nan,0.99,52.32146596858639,0.0,1.0,1.0,1.0
-0.13949999999999999,-4.199999999999999,1.863,-1.1684999999999999,3.0315,nan,nan,0.99,52.30890052356021,0.0,1.0,1.0,1.0
-0.141,-4.1684,1.9404,-1.1139999999999999,3.0544,nan,nan,0.99,52.296335078534035,0.0,1.0,1.0,1.0
-0.1425,-4.1368,2.0178,-1.0594999999999999,3.0772999999999997,nan,nan,0.99,52.28376963350785,0.0,1.0,1.0,1.0
-0.144,-4.1052,2.0952,-1.005,3.1002,nan,nan,0.99,52.271204188481676,0.0,1.0,1.0,1.0
-0.1455,-4.0736,2.1726,-0.9504999999999999,3.1231,nan,nan,0.99,52.2586387434555,0.0,1.0,1.0,1.0
-0.147,-4.042,2.25,-0.8959999999999999,3.146,nan,nan,0.99,52.24607329842932,0.0,1.0,1.0,1.0
-0.1409,-4.0157,2.2347,-0.8905,3.1252,nan,nan,0.99,52.23350785340314,0.0,1.0,1.0,1.0
-0.1348,-3.9894,2.2194,-0.8849999999999999,3.1044,nan,nan,0.99,52.22094240837696,0.0,1.0,1.0,1.0
-0.12869999999999998,-3.9631,2.2041,-0.8795,3.0835999999999997,nan,nan,0.99,52.20837696335079,0.0,1.0,1.0,1.0
-0.12259999999999999,-3.9368,2.1888,-0.8739999999999999,3.0627999999999997,nan,nan,0.99,52.19581151832461,0.0,1.0,1.0,1.0
-0.11649999999999999,-3.9105,2.1734999999999998,-0.8684999999999999,3.042,nan,nan,0.99,52.18324607329843,0.0,1.0,1.0,1.0
-0.1104,-3.8842,2.1582,-0.863,3.0212,nan,nan,0.99,52.17068062827225,0.0,1.0,1.0,1.0
-0.1043,-3.8579,2.1429,-0.8574999999999999,3.0004,nan,nan,0.99,52.158115183246075,0.0,1.0,1.0,1.0
-0.0982,-3.8316,2.1276,-0.852,2.9795999999999996,nan,nan,0.99,52.1455497382199,0.0,1.0,1.0,1.0
-0.09209999999999999,-3.8053,2.1123,-0.8464999999999999,2.9587999999999997,nan,nan,0.99,52.132984293193715,0.0,1.0,1.0,1.0
-0.086,-3.779,2.097,-0.841,2.9379999999999997,nan,nan,0.99,52.12041884816754,0.0,1.0,1.0,1.0
-0.0866,-3.785,2.0892,-0.8479,2.9370999999999996,nan,nan,0.99,52.10785340314136,0.0,1.0,1.0,1.0
-0.0872,-3.791,2.0814,-0.8548,2.9362,nan,nan,0.99,52.095287958115186,0.0,1.0,1.0,1.0
-0.08779999999999999,-3.7969999999999997,2.0736,-0.8616999999999999,2.9353,nan,nan,0.99,52.082722513089,0.0,1.0,1.0,1.0
-0.08839999999999999,-3.803,2.0658,-0.8685999999999999,2.9344,nan,nan,0.99,52.07015706806283,0.0,1.0,1.0,1.0
-0.089,-3.809,2.058,-0.8755,2.9335,nan,nan,0.99,52.05759162303665,0.0,1.0,1.0,1.0
-0.0896,-3.815,2.0502000000000002,-0.8824,2.9326,nan,nan,0.99,52.045026178010474,0.0,1.0,1.0,1.0
-0.0902,-3.8209999999999997,2.0424,-0.8893,2.9317,nan,nan,0.99,52.03246073298429,0.0,1.0,1.0,1.0
-0.09079999999999999,-3.827,2.0346,-0.8961999999999999,2.9308,nan,nan,0.99,52.019895287958114,0.0,1.0,1.0,1.0
-0.0914,-3.833,2.0268,-0.9030999999999999,2.9299000000000004,nan,nan,0.99,52.00732984293194,0.0,1.0,1.0,1.0
-0.092,-3.839,2.019,-0.9099999999999999,2.9290000000000003,nan,nan,0.99,51.99476439790576,0.0,1.0,1.0,1.0
-0.0856,-3.8449999999999998,2.0034,-0.9208,2.9242000000000004,nan,nan,0.99,51.982198952879585,0.0,1.0,1.0,1.0
-0.07919999999999999,-3.851,1.9878,-0.9316,2.9194000000000004,nan,nan,0.99,51.9696335078534,0.0,1.0,1.0,1.0
-0.0728,-3.857,1.9722000000000002,-0.9423999999999999,2.9146,nan,nan,0.99,51.957068062827226,0.0,1.0,1.0,1.0
-0.0664,-3.863,1.9566000000000001,-0.9531999999999999,2.9098,nan,nan,0.99,51.94450261780105,0.0,1.0,1.0,1.0
-0.06,-3.8689999999999998,1.941,-0.964,2.9050000000000002,nan,nan,0.99,51.93193717277487,0.0,1.0,1.0,1.0
-0.053599999999999995,-3.875,1.9254,-0.9748,2.9002000000000003,nan,nan,0.99,51.91937172774869,0.0,1.0,1.0,1.0
-0.0472,-3.8810000000000002,1.9098,-0.9856,2.8954000000000004,nan,nan,0.99,51.90680628272251,0.0,1.0,1.0,1.0
-0.040799999999999996,-3.887,1.8942,-0.9964,2.8906,nan,nan,0.99,51.89424083769634,0.0,1.0,1.0,1.0
-0.03439999999999999,-3.893,1.8786,-1.0072,2.8858,nan,nan,0.99,51.88167539267016,0.0,1.0,1.0,1.0
-0.027999999999999997,-3.899,1.863,-1.018,2.8810000000000002,nan,nan,0.99,51.86910994764398,0.0,1.0,1.0,1.0
-0.038,-3.9302,1.8848,-1.0227,2.9075,nan,nan,0.99,51.8565445026178,0.0,1.0,1.0,1.0
-0.048,-3.9614000000000003,1.9066,-1.0274,2.934,nan,nan,0.99,51.843979057591625,0.0,1.0,1.0,1.0
-0.058,-3.9926,1.9284,-1.0321,2.9605,nan,nan,0.99,51.83141361256545,0.0,1.0,1.0,1.0
-0.068,-4.0238000000000005,1.9502,-1.0368000000000002,2.987,nan,nan,0.99,51.818848167539265,0.0,1.0,1.0,1.0
-0.078,-4.055,1.972,-1.0415,3.0135,nan,nan,0.99,51.80628272251309,0.0,1.0,1.0,1.0
-0.08800000000000001,-4.0862,1.9938,-1.0462,3.04,nan,nan,0.99,51.79371727748691,0.0,1.0,1.0,1.0
-0.098,-4.1174,2.0156,-1.0509000000000002,3.0665,nan,nan,0.99,51.781151832460736,0.0,1.0,1.0,1.0
-0.108,-4.1486,2.0374,-1.0556,3.093,nan,nan,0.99,51.76858638743455,0.0,1.0,1.0,1.0
-0.11800000000000001,-4.1798,2.0592,-1.0603000000000002,3.1195,nan,nan,0.99,51.75602094240838,0.0,1.0,1.0,1.0
-0.128,-4.211,2.081,-1.0650000000000002,3.146,nan,nan,0.99,51.7434554973822,0.0,1.0,1.0,1.0
-0.1288,-4.221500000000001,2.1001,-1.0607000000000002,3.1608,nan,nan,0.99,51.730890052356024,0.0,1.0,1.0,1.0
-0.1296,-4.232,2.1191999999999998,-1.0564000000000002,3.1755999999999998,nan,nan,0.99,51.71832460732984,0.0,1.0,1.0,1.0
-0.13040000000000002,-4.2425,2.1383,-1.0521,3.1904,nan,nan,0.99,51.705759162303664,0.0,1.0,1.0,1.0
-0.1312,-4.253,2.1574,-1.0478,3.2051999999999996,nan,nan,0.99,51.69319371727749,0.0,1.0,1.0,1.0
-0.132,-4.2635000000000005,2.1765,-1.0435,3.2199999999999998,nan,nan,0.99,51.68062827225131,0.0,1.0,1.0,1.0
-0.1328,-4.274,2.1955999999999998,-1.0392000000000001,3.2348,nan,nan,0.99,51.66806282722513,0.0,1.0,1.0,1.0
-0.1336,-4.2844999999999995,2.2146999999999997,-1.0349000000000002,3.2495999999999996,nan,nan,0.99,51.65549738219895,0.0,1.0,1.0,1.0
-0.13440000000000002,-4.295,2.2338,-1.0306,3.2643999999999997,nan,nan,0.99,51.642931937172776,0.0,1.0,1.0,1.0
-0.13520000000000001,-4.3055,2.2529,-1.0263,3.2791999999999994,nan,nan,0.99,51.6303664921466,0.0,1.0,1.0,1.0
-0.136,-4.316,2.272,-1.022,3.2939999999999996,nan,nan,0.99,51.61780104712042,0.0,1.0,1.0,1.0
-0.10800000000000001,-4.3605,2.2348999999999997,-1.0628,3.2977,nan,nan,0.99,51.60523560209424,0.0,1.0,1.0,1.0
-0.08,-4.405,2.1978,-1.1036000000000001,3.3013999999999997,nan,nan,0.99,51.59267015706806,0.0,1.0,1.0,1.0
-0.052000000000000005,-4.4495,2.1607,-1.1444,3.3050999999999995,nan,nan,0.99,51.58010471204189,0.0,1.0,1.0,1.0
-0.023999999999999994,-4.494,2.1235999999999997,-1.1852,3.3087999999999997,nan,nan,0.99,51.56753926701571,0.0,1.0,1.0,1.0
0.0040000000000000036,-4.5385,2.0865,-1.226,3.3125,nan,nan,0.99,51.55497382198953,0.0,1.0,1.0,1.0
0.032,-4.583,2.0494,-1.2668000000000001,3.3162,nan,nan,0.99,51.54240837696335,0.0,1.0,1.0,1.0
0.06,-4.6275,2.0122999999999998,-1.3076,3.3198999999999996,nan,nan,0.99,51.529842931937175,0.0,1.0,1.0,1.0
0.08800000000000002,-4.672,1.9752,-1.3484000000000003,3.3236,nan,nan,0.99,51.517277486911,0.0,1.0,1.0,1.0
0.11599999999999999,-4.7165,1.9381,-1.3892000000000002,3.3273,nan,nan,0.99,51.504712041884815,0.0,1.0,1.0,1.0
0.14400000000000002,-4.761,1.901,-1.4300000000000002,3.331,nan,nan,0.99,51.49214659685864,0.0,1.0,1.0,1.0
0.11499999999999999,-4.7454,1.9712,-1.3871000000000002,3.3583,nan,nan,0.99,51.47958115183246,0.0,1.0,1.0,1.0
0.086,-4.7298,2.0414,-1.3442,3.3856,nan,nan,0.99,51.467015706806286,0.0,1.0,1.0,1.0
0.056999999999999995,-4.7142,2.1116,-1.3013000000000001,3.4129,nan,nan,0.99,51.4544502617801,0.0,1.0,1.0,1.0
0.027999999999999997,-4.6986,2.1818,-1.2584000000000002,3.4402,nan,nan,0.99,51.44188481675393,0.0,1.0,1.0,1.0
-0.0010000000000000009,-4.683,2.2520000000000002,-1.2155,3.4675000000000002,nan,nan,0.99,51.42931937172775,0.0,1.0,1.0,1.0
-0.03,-4.667400000000001,2.3222,-1.1726,3.4948,nan,nan,0.99,51.416753926701574,0.0,1.0,1.0,1.0
-0.059,-4.651800000000001,2.3924000000000003,-1.1297000000000001,3.5221,nan,nan,0.99,51.40418848167539,0.0,1.0,1.0,1.0
-0.088,-4.6362000000000005,2.4626,-1.0868000000000002,3.5494,nan,nan,0.99,51.391623036649214,0.0,1.0,1.0,1.0
-0.11699999999999997,-4.6206000000000005,2.5328000000000004,-1.0439,3.5767,nan,nan,0.99,51.37905759162304,0.0,1.0,1.0,1.0
-0.146,-4.605,2.603,-1.0010000000000001,3.604,nan,nan,0.99,51.36649214659686,0.0,1.0,1.0,1.0
-0.144,-4.617900000000001,2.6189,-0.9995,3.6184000000000003,nan,nan,0.99,51.35392670157068,0.0,1.0,1.0,1.0
-0.142,-4.630800000000001,2.6348000000000003,-0.9980000000000001,3.6328,nan,nan,0.99,51.3413612565445,0.0,1.0,1.0,1.0
-0.13999999999999999,-4.6437,2.6507,-0.9965,3.6472,nan,nan,0.99,51.328795811518326,0.0,1.0,1.0,1.0
-0.13799999999999998,-4.6566,2.6666000000000003,-0.9950000000000001,3.6616,nan,nan,0.99,51.31623036649215,0.0,1.0,1.0,1.0
-0.136,-4.6695,2.6825,-0.9935,3.676,nan,nan,0.99,51.303664921465966,0.0,1.0,1.0,1.0
-0.134,-4.6824,2.6984,-0.992,3.6904000000000003,nan,nan,0.99,51.29109947643979,0.0,1.0,1.0,1.0
-0.132,-4.6953000000000005,2.7143,-0.9905,3.7048,nan,nan,0.99,51.27853403141361,0.0,1.0,1.0,1.0
-0.13,-4.7082,2.7302,-0.989,3.7192000000000003,nan,nan,0.99,51.26596858638744,0.0,1.0,1.0,1.0
-0.128,-4.7211,2.7461,-0.9875,3.7336,nan,nan,0.99,51.25340314136126,0.0,1.0,1.0,1.0
-0.126,-4.734,2.762,-0.986,3.748,nan,nan,0.99,51.24083769633508,0.0,1.0,1.0,1.0
-0.1286,-4.7207,2.7921,-0.9642999999999999,3.7564,nan,nan,0.99,51.2282722513089,0.0,1.0,1.0,1.0
-0.1312,-4.7074,2.8222,-0.9426,3.7648,nan,nan,0.99,51.215706806282725,0.0,1.0,1.0,1.0
-0.1338,-4.6941,2.8523,-0.9208999999999999,3.7732,nan,nan,0.99,51.20314136125655,0.0,1.0,1.0,1.0
-0.1364,-4.6808,2.8824,-0.8992,3.7816,nan,nan,0.99,51.190575916230365,0.0,1.0,1.0,1.0
-0.139,-4.6675,2.9125,-0.8775,3.79,nan,nan,0.99,51.17801047120419,0.0,1.0,1.0,1.0
-0.1416,-4.6542,2.9426,-0.8557999999999999,3.7984,nan,nan,0.99,51.16544502617801,0.0,1.0,1.0,1.0
-0.1442,-4.6409,2.9727,-0.8341,3.8068,nan,nan,0.99,51.152879581151836,0.0,1.0,1.0,1.0
-0.14679999999999999,-4.6276,3.0028,-0.8123999999999999,3.8152,nan,nan,0.99,51.14031413612565,0.0,1.0,1.0,1.0
-0.1494,-4.6143,3.0329,-0.7907,3.8236,nan,nan,0.99,51.12774869109948,0.0,1.0,1.0,1.0
-0.152,-4.601,3.063,-0.7689999999999999,3.832,nan,nan,0.99,51.1151832460733,0.0,1.0,1.0,1.0
-0.1753,-4.6121,3.1279000000000003,-0.7420999999999999,3.8699999999999997,nan,nan,0.99,51.102617801047124,0.0,1.0,1.0,1.0
-0.1986,-4.6232,3.1928,-0.7151999999999998,3.908,nan,nan,0.99,51.09005235602094,0.0,1.0,1.0,1.0
-0.2219,-4.6343,3.2577000000000003,-0.6882999999999999,3.9459999999999997,nan,nan,0.99,51.077486910994764,0.0,1.0,1.0,1.0
-0.2452,-4.6453999999999995,3.3226,-0.6613999999999999,3.984,nan,nan,0.99,51.06492146596859,0.0,1.0,1.0,1.0
-0.2685,-4.656499999999999,3.3875,-0.6344999999999998,4.022,nan,nan,0.99,51.05235602094241,0.0,1.0,1.0,1.0
-0.2918,-4.6676,3.4524000000000004,-0.6075999999999998,4.06,nan,nan,0.99,51.03979057591623,0.0,1.0,1.0,1.0
-0.31510000000000005,-4.6787,3.5173,-0.5806999999999998,4.098,nan,nan,0.99,51.02722513089005,0.0,1.0,1.0,1.0
-0.33840000000000003,-4.6898,3.5822000000000003,-0.5537999999999998,4.136,nan,nan,0.99,51.014659685863876,0.0,1.0,1.0,1.0
-0.3617,-4.7009,3.6471,-0.5268999999999998,4.1739999999999995,nan,nan,0.99,51.0020942408377,0.0,1.0,1.0,1.0
-0.385,-4.712,3.712,-0.4999999999999998,4.212,nan,nan,0.99,50.98952879581152,0.0,1.0,1.0,1.0
-0.3372,-4.723199999999999,3.6258000000000004,-0.5486999999999997,4.1745,nan,nan,0.99,50.97696335078534,0.0,1.0,1.0,1.0
-0.2894,-4.7344,3.5396,-0.5973999999999998,4.137,nan,nan,0.99,50.964397905759164,0.0,1.0,1.0,1.0
-0.2416,-4.7456,3.4534000000000002,-0.6460999999999998,4.0995,nan,nan,0.99,50.95183246073299,0.0,1.0,1.0,1.0
-0.1938,-4.7568,3.3672,-0.6947999999999999,4.061999999999999,nan,nan,0.99,50.939267015706804,0.0,1.0,1.0,1.0
-0.146,-4.768,3.281,-0.7434999999999998,4.0245,nan,nan,0.99,50.92670157068063,0.0,1.0,1.0,1.0
-0.09820000000000001,-4.7791999999999994,3.1948,-0.7921999999999998,3.9869999999999997,nan,nan,0.99,50.91413612565445,0.0,1.0,1.0,1.0
-0.0504,-4.7904,3.1086,-0.8408999999999998,3.9494999999999996,nan,nan,0.99,50.901570680628275,0.0,1.0,1.0,1.0
-0.002599999999999991,-4.8016,3.0224,-0.8895999999999998,3.912,nan,nan,0.99,50.8890052356021,0.0,1.0,1.0,1.0
0.04520000000000002,-4.8128,2.9362000000000004,-0.9382999999999999,3.8745,nan,nan,0.99,50.876439790575915,0.0,1.0,1.0,1.0
0.09300000000000003,-4.824,2.85,-0.9869999999999999,3.8369999999999997,nan,nan,0.99,50.86387434554974,0.0,1.0,1.0,1.0
0.0247,-4.7501,3.0249,-0.8625999999999999,3.8874999999999997,nan,nan,0.99,50.85130890052356,0.0,1.0,1.0,1.0
-0.0436,-4.6762,3.1998,-0.7381999999999999,3.9379999999999997,nan,nan,0.99,50.83874345549739,0.0,1.0,1.0,1.0
-0.11189999999999997,-4.6023,3.3747000000000003,-0.6137999999999999,3.9885,nan,nan,0.99,50.8261780104712,0.0,1.0,1.0,1.0
-0.1802,-4.5283999999999995,3.5496,-0.4893999999999999,4.039,nan,nan,0.99,50.81361256544503,0.0,1.0,1.0,1.0
-0.24849999999999997,-4.4544999999999995,3.7245,-0.3649999999999999,4.0895,nan,nan,0.99,50.80104712041885,0.0,1.0,1.0,1.0
-0.31679999999999997,-4.3806,3.8994,-0.24059999999999993,4.140000000000001,nan,nan,0.99,50.788481675392674,0.0,1.0,1.0,1.0
-0.3851,-4.3067,4.0743,-0.11619999999999986,4.1905,nan,nan,0.99,50.77591623036649,0.0,1.0,1.0,1.0
-0.4534,-4.2328,4.2492,0.008200000000000096,4.2410000000000005,nan,nan,0.99,50.763350785340315,0.0,1.0,1.0,1.0
-0.5216999999999999,-4.1589,4.4241,0.13260000000000005,4.2915,nan,nan,0.99,50.75078534031414,0.0,1.0,1.0,1.0
-0.59,-4.085,4.599,0.2570000000000001,4.3420000000000005,nan,nan,0.99,50.73821989528796,0.0,1.0,1.0,1.0
-0.5548,-4.071,4.5266,0.2278000000000001,4.298800000000001,nan,nan,0.99,50.72565445026178,0.0,1.0,1.0,1.0
-0.5196,-4.057,4.4542,0.1986000000000001,4.2556,nan,nan,0.99,50.7130890052356,0.0,1.0,1.0,1.0
-0.48439999999999994,-4.043,4.3818,0.1694000000000001,4.212400000000001,nan,nan,0.99,50.700523560209426,0.0,1.0,1.0,1.0
-0.44919999999999993,-4.029,4.3094,0.1402000000000001,4.1692,nan,nan,0.99,50.68795811518325,0.0,1.0,1.0,1.0
-0.414,-4.015,4.237,0.1110000000000001,4.126,nan,nan,0.99,50.675392670157066,0.0,1.0,1.0,1.0
-0.37879999999999997,-4.0009999999999994,4.1646,0.0818000000000001,4.082800000000001,nan,nan,0.99,50.66282722513089,0.0,1.0,1.0,1.0
-0.34359999999999996,-3.987,4.0922,0.05260000000000009,4.0396,nan,nan,0.99,50.650261780104714,0.0,1.0,1.0,1.0
-0.30839999999999995,-3.973,4.0198,0.023400000000000087,3.9964000000000004,nan,nan,0.99,50.63769633507854,0.0,1.0,1.0,1.0
-0.27319999999999994,-3.9589999999999996,3.9474,-0.005799999999999916,3.9532000000000003,nan,nan,0.99,50.62513089005236,0.0,1.0,1.0,1.0
-0.238,-3.945,3.875,-0.03499999999999992,3.91,nan,nan,0.99,50.61256544502618,0.0,1.0,1.0,1.0
-0.2512,-3.9699,3.9211,-0.024399999999999908,3.9455,nan,nan,0.99,50.6,0.0,1.0,1.0,1.0
-0.26439999999999997,-3.9947999999999997,3.9672,-0.0137999999999999,3.9810000000000003,nan,nan,0.99,51.2,0.0,1.0,1.0,1.0
-0.2776,-4.0197,4.0133,-0.0031999999999998904,4.016500000000001,nan,nan,0.99,51.8,0.0,1.0,1.0,1.0
-0.2908,-4.0446,4.0594,0.007400000000000122,4.0520000000000005,nan,nan,0.99,52.4,0.0,1.0,1.0,1.0
-0.304,-4.0695,4.1055,0.018000000000000127,4.0875,nan,nan,0.99,53.0,0.0,1.0,1.0,1.0
-0.3172,-4.0944,4.1516,0.02860000000000014,4.123,nan,nan,0.99,53.6,0.0,1.0,1.0,1.0
-0.3304,-4.1193,4.1977,0.03920000000000015,4.1585,nan,nan,0.99,54.2,0.0,1.0,1.0,1.0
-0.3436,-4.1442,4.2438,0.049800000000000164,4.194000000000001,nan,nan,0.99,54.8,0.0,1.0,1.0,1.0
-0.3568,-4.1691,4.2899,0.060400000000000176,4.229500000000001,nan,nan,0.99,55.4,0.0,1.0,1.0,1.0
-0.37,-4.194,4.336,0.07100000000000017,4.265000000000001,nan,nan,0.99,56.0,0.0,1.0,1.0,1.0
-0.3893,-4.1285,4.367100000000001,0.11930000000000016,4.247800000000001,nan,nan,0.9890000000000001,55.7,0.0,1.0,1.0,1.0
-0.40859999999999996,-4.063,4.3982,0.16760000000000014,4.230600000000001,nan,nan,0.988,55.4,0.0,1.0,1.0,1.0
-0.4279,-3.9975,4.4293000000000005,0.21590000000000015,4.2134,nan,nan,0.987,55.1,0.0,1.0,1.0,1.0
-0.4472,-3.932,4.4604,0.2642000000000001,4.1962,nan,nan,0.986,54.8,0.0,1.0,1.0,1.0
-0.46649999999999997,-3.8665000000000003,4.4915,0.3125000000000001,4.179,nan,nan,0.985,54.5,0.0,1.0,1.0,1.0
-0.48579999999999995,-3.801,4.522600000000001,0.3608000000000001,4.1618,nan,nan,0.9840000000000001,54.2,0.0,1.0,1.0,1.0
-0.5051,-3.7355,4.5537,0.4091000000000001,4.1446000000000005,nan,nan,0.983,53.9,0.0,1.0,1.0,1.0
-0.5244,-3.67,4.5848,0.4574000000000001,4.1274,nan,nan,0.982,53.6,0.0,1.0,1.0,1.0
-0.5437,-3.6045000000000003,4.6159,0.5057,4.1102,nan,nan,0.981,53.3,0.0,1.0,1.0,1.0
-0.563,-3.539,4.647,0.554,4.093,nan,nan,0.98,53.0,0.0,1.0,1.0,1.0
-0.5545,-3.5657,4.6543,0.5443,4.11,nan,nan,0.98,53.1,0.0,1.0,1.0,1.0
-0.5459999999999999,-3.5924,4.6616,0.5346,4.127,nan,nan,0.98,53.2,0.0,1.0,1.0,1.0
-0.5375,-3.6191,4.6689,0.5249,4.144,nan,nan,0.98,53.3,0.0,1.0,1.0,1.0
-0.5289999999999999,-3.6458,4.6762,0.5152,4.161,nan,nan,0.98,53.4,0.0,1.0,1.0,1.0
-0.5205,-3.6725000000000003,4.6835,0.5055,4.178,nan,nan,0.98,53.5,0.0,1.0,1.0,1.0
-0.512,-3.6992000000000003,4.6908,0.4957999999999999,4.195,nan,nan,0.98,53.6,0.0,1.0,1.0,1.0
-0.5035,-3.7259,4.6981,0.4860999999999999,4.212,nan,nan,0.98,53.7,0.0,1.0,1.0,1.0
-0.495,-3.7526,4.7054,0.4763999999999999,4.229,nan,nan,0.98,53.8,0.0,1.0,1.0,1.0
-0.4865,-3.7793,4.7127,0.4666999999999999,4.2459999999999996,nan,nan,0.98,53.9,0.0,1.0,1.0,1.0
-0.478,-3.806,4.72,0.45699999999999985,4.263,nan,nan,0.98,54.0,0.0,1.0,1.0,1.0
-0.273,-3.9946,4.3072,0.15629999999999983,4.1509,nan,nan,0.981,53.9,0.0,1.0,1.0,1.0
-0.068,-4.1832,3.8943999999999996,-0.1444000000000002,4.0388,nan,nan,0.982,53.8,0.0,1.0,1.0,1.0
0.137,-4.3718,3.4816,-0.4451000000000003,3.9267,nan,nan,0.983,53.7,0.0,1.0,1.0,1.0
0.34199999999999997,-4.5604,3.0687999999999995,-0.7458000000000002,3.8146,nan,nan,0.9840000000000001,53.6,0.0,1.0,1.0,1.0
0.5469999999999999,-4.7490000000000006,2.6559999999999997,-1.0465000000000002,3.7024999999999997,nan,nan,0.985,53.5,0.0,1.0,1.0,1.0
0.752,-4.9376,2.2432,-1.3472000000000004,3.5904,nan,nan,0.986,53.4,0.0,1.0,1.0,1.0
0.9569999999999999,-5.1262,1.8303999999999996,-1.6479000000000004,3.4783,nan,nan,0.987,53.3,0.0,1.0,1.0,1.0
1.162,-5.3148,1.4175999999999997,-1.9486000000000003,3.3662,nan,nan,0.988,53.2,0.0,1.0,1.0,1.0
1.367,-5.5034,1.0048,-2.2493000000000003,3.2541,nan,nan,0.9890000000000001,53.1,0.0,1.0,1.0,1.0
1.5719999999999998,-5.692,0.5919999999999996,-2.5500000000000003,3.142,nan,nan,0.99,53.0,0.0,1.0,1.0,1.0
1.3596000000000001,-5.4907,1.0291000000000001,-2.2308000000000003,3.2599,nan,nan,0.99,53.1,0.0,1.0,1.0,1.0
1.1472,-5.2894000000000005,1.4662000000000002,-1.9116000000000002,3.3777999999999997,nan,nan,0.99,53.2,0.0,1.0,1.0,1.0
0.9348000000000001,-5.0881,1.9033000000000002,-1.5924,3.4957,nan,nan,0.99,53.3,0.0,1.0,1.0,1.0
0.7224,-4.8868,2.3404000000000003,-1.2732,3.6136,nan,nan,0.99,53.4,0.0,1.0,1.0,1.0
0.51,-4.6855,2.7775000000000003,-0.9540000000000002,3.7314999999999996,nan,nan,0.99,53.5,0.0,1.0,1.0,1.0
0.2976000000000001,-4.4841999999999995,3.2146000000000003,-0.6348,3.8493999999999997,nan,nan,0.99,53.6,0.0,1.0,1.0,1.0
0.08519999999999994,-4.2829,3.6517000000000004,-0.3155999999999999,3.9673,nan,nan,0.99,53.7,0.0,1.0,1.0,1.0
-0.12719999999999998,-4.0816,4.0888,0.0036000000000000476,4.0851999999999995,nan,nan,0.99,53.8,0.0,1.0,1.0,1.0
-0.3395999999999999,-3.8803,4.525900000000001,0.3228,4.2031,nan,nan,0.99,53.9,0.0,1.0,1.0,1.0
-0.552,-3.679,4.963,0.6419999999999999,4.321,nan,nan,0.99,54.0,0.0,1.0,1.0,1.0
-0.5245000000000001,-3.71,4.9276,0.6088000000000001,4.3187999999999995,nan,nan,0.99,53.7,0.0,1.0,1.0,1.0
-0.49700000000000005,-3.7409999999999997,4.8922,0.5756000000000001,4.316599999999999,nan,nan,0.99,53.4,0.0,1.0,1.0,1.0
-0.46950000000000003,-3.772,4.8568,0.5424000000000001,4.3144,nan,nan,0.99,53.1,0.0,1.0,1.0,1.0
-0.44200000000000006,-3.803,4.8214,0.5092000000000001,4.3122,nan,nan,0.99,52.8,0.0,1.0,1.0,1.0
-0.41450000000000004,-3.8339999999999996,4.786,0.4760000000000001,4.31,nan,nan,0.99,52.5,0.0,1.0,1.0,1.0
-0.387,-3.8649999999999998,4.7506,0.4428000000000001,4.307799999999999,nan,nan,0.99,52.2,0.0,1.0,1.0,1.0
-0.35950000000000004,-3.896,4.7152,0.4096000000000001,4.305599999999999,nan,nan,0.99,51.9,0.0,1.0,1.0,1.0
-0.3320000000000001,-3.927,4.6798,0.37640000000000007,4.3034,nan,nan,0.99,51.6,0.0,1.0,1.0,1.0
-0.30450000000000005,-3.9579999999999997,4.6444,0.34320000000000006,4.3012,nan,nan,0.99,51.3,0.0,1.0,1.0,1.0
-0.277,-3.989,4.609,0.31000000000000005,4.2989999999999995,nan,nan,0.99,51.0,0.0,1.0,1.0,1.0
-0.28740000000000004,-3.9320999999999997,4.6325,0.35020000000000007,4.282299999999999,nan,nan,0.9890000000000001,51.2,0.0,1.0,1.0,1.0
-0.2978,-3.8752,4.656,0.3904000000000001,4.265599999999999,nan,nan,0.988,51.4,0.0,1.0,1.0,1.0
-0.30820000000000003,-3.8183,4.6795,0.4306000000000001,4.2489,nan,nan,0.987,51.6,0.0,1.0,1.0,1.0
-0.3186,-3.7614,4.703,0.4708000000000001,4.2322,nan,nan,0.986,51.8,0.0,1.0,1.0,1.0
-0.329,-3.7045,4.7265,0.5110000000000001,4.2155,nan,nan,0.985,52.0,0.0,1.0,1.0,1.0
-0.33940000000000003,-3.6475999999999997,4.75,0.5512000000000001,4.198799999999999,nan,nan,0.9840000000000001,52.2,0.0,1.0,1.0,1.0
-0.3498,-3.5907,4.7735,0.5914000000000001,4.182099999999999,nan,nan,0.983,52.4,0.0,1.0,1.0,1.0
-0.3602,-3.5338,4.797000000000001,0.6316000000000002,4.1654,nan,nan,0.982,52.6,0.0,1.0,1.0,1.0
-0.37060000000000004,-3.4768999999999997,4.8205,0.6718000000000002,4.1487,nan,nan,0.981,52.8,0.0,1.0,1.0,1.0
-0.381,-3.42,4.844,0.7120000000000002,4.132,nan,nan,0.98,53.0,0.0,1.0,1.0,1.0
-0.4158,-3.3916,4.922000000000001,0.7652000000000001,4.1568,nan,nan,0.981,53.0,0.0,1.0,1.0,1.0
-0.4506,-3.3632,5.0,0.8184000000000001,4.1815999999999995,nan,nan,0.982,53.0,0.0,1.0,1.0,1.0
-0.4854,-3.3348,5.078,0.8716,4.2063999999999995,nan,nan,0.983,53.0,0.0,1.0,1.0,1.0
-0.5202,-3.3064,5.156,0.9248000000000001,4.231199999999999,nan,nan,0.9840000000000001,53.0,0.0,1.0,1.0,1.0
-0.5549999999999999,-3.278,5.234,0.978,4.256,nan,nan,0.985,53.0,0.0,1.0,1.0,1.0
-0.5898,-3.2496,5.312,1.0312,4.2808,nan,nan,0.986,53.0,0.0,1.0,1.0,1.0
-0.6246,-3.2212,5.39,1.0844,4.3056,nan,nan,0.987,53.0,0.0,1.0,1.0,1.0
-0.6594,-3.1928,5.468,1.1376,4.3304,nan,nan,0.988,53.0,0.0,1.0,1.0,1.0
-0.6941999999999999,-3.1644,5.545999999999999,1.1907999999999999,4.3552,nan,nan,0.9890000000000001,53.0,0.0,1.0,1.0,1.0
-0.729,-3.136,5.624,1.2439999999999998,4.38,nan,nan,0.99,53.0,0.0,1.0,1.0,1.0
-0.6874,-3.1765,5.5493,1.1864,4.3629,nan,nan,0.99,52.9,0.0,1.0,1.0,1.0
-0.6457999999999999,-3.217,5.4746,1.1287999999999998,4.3458,nan,nan,0.99,52.8,0.0,1.0,1.0,1.0
-0.6042,-3.2575000000000003,5.3999,1.0711999999999997,4.3286999999999995,nan,nan,0.99,52.7,0.0,1.0,1.0,1.0
-0.5626,-3.298,5.3252,1.0135999999999998,4.311599999999999,nan,nan,0.99,52.6,0.0,1.0,1.0,1.0
-0.521,-3.3385,5.2505,0.9559999999999998,4.294499999999999,nan,nan,0.99,52.5,0.0,1.0,1.0,1.0
-0.4794,-3.379,5.1758,0.8983999999999999,4.2774,nan,nan,0.99,52.4,0.0,1.0,1.0,1.0
-0.43779999999999997,-3.4195,5.1011,0.8407999999999999,4.2603,nan,nan,0.99,52.3,0.0,1.0,1.0,1.0
-0.3962,-3.46,5.0264,0.7831999999999999,4.2432,nan,nan,0.99,52.2,0.0,1.0,1.0,1.0
-0.3546,-3.5004999999999997,4.9517,0.7255999999999999,4.2261,nan,nan,0.99,52.1,0.0,1.0,1.0,1.0
-0.313,-3.541,4.877,0.6679999999999999,4.209,nan,nan,0.99,52.0,0.0,1.0,1.0,1.0
-0.2889,-3.5848,4.8052,0.6102,4.194999999999999,nan,nan,0.99,51.6,0.0,1.0,1.0,1.0
-0.2648,-3.6286,4.7334,0.5523999999999999,4.181,nan,nan,0.99,51.2,0.0,1.0,1.0,1.0
-0.2407,-3.6724,4.6616,0.49459999999999993,4.167,nan,nan,0.99,50.8,0.0,1.0,1.0,1.0
-0.21660000000000001,-3.7162,4.589799999999999,0.4367999999999999,4.153,nan,nan,0.99,50.4,0.0,1.0,1.0,1.0
-0.1925,-3.76,4.518,0.3789999999999999,4.138999999999999,nan,nan,0.99,50.0,0.0,1.0,1.0,1.0
-0.1684,-3.8038,4.4462,0.32119999999999993,4.125,nan,nan,0.99,49.6,0.0,1.0,1.0,1.0
-0.1443,-3.8476,4.3744,0.2633999999999999,4.111,nan,nan,0.99,49.2,0.0,1.0,1.0,1.0
-0.1202,-3.8914,4.3026,0.2055999999999999,4.0969999999999995,nan,nan,0.99,48.8,0.0,1.0,1.0,1.0
-0.09609999999999999,-3.9352,4.2308,0.14779999999999993,4.083,nan,nan,0.99,48.4,0.0,1.0,1.0,1.0
-0.07200000000000001,-3.979,4.159,0.08999999999999986,4.069,nan,nan,0.99,48.0,0.0,1.0,1.0,1.0
-0.1089,-3.902,4.2505999999999995,0.17429999999999987,4.0763,nan,nan,0.99,48.5,0.0,1.0,1.0,1.0
-0.14579999999999999,-3.825,4.3422,0.2585999999999999,4.0836,nan,nan,0.99,49.0,0.0,1.0,1.0,1.0
-0.1827,-3.748,4.4338,0.3428999999999999,4.0909,nan,nan,0.99,49.5,0.0,1.0,1.0,1.0
-0.21960000000000002,-3.6710000000000003,4.5254,0.4271999999999999,4.0982,nan,nan,0.99,50.0,0.0,1.0,1.0,1.0
-0.2565,-3.5940000000000003,4.617,0.5115,4.1055,nan,nan,0.99,50.5,0.0,1.0,1.0,1.0
-0.2934,-3.517,4.7086,0.5958,4.1128,nan,nan,0.99,51.0,0.0,1.0,1.0,1.0
-0.33030000000000004,-3.44,4.8002,0.6801,4.1201,nan,nan,0.99,51.5,0.0,1.0,1.0,1.0
-0.3672,-3.363,4.8918,0.7644,4.127400000000001,nan,nan,0.99,52.0,0.0,1.0,1.0,1.0
-0.4041,-3.286,4.9834000000000005,0.8487,4.1347000000000005,nan,nan,0.99,52.5,0.0,1.0,1.0,1.0
-0.441,-3.209,5.075,0.933,4.142,nan,nan,0.99,53.0,0.0,1.0,1.0,1.0
-0.4434,-3.1755,5.0743,0.9494,4.1249,nan,nan,0.99,53.0,0.0,1.0,1.0,1.0
-0.44580000000000003,-3.142,5.0736,0.9658,4.1078,nan,nan,0.99,53.0,0.0,1.0,1.0,1.0
-0.4482,-3.1085000000000003,5.0729,0.9822,4.0907,nan,nan,0.99,53.0,0.0,1.0,1.0,1.0
-0.4506,-3.075,5.0722,0.9985999999999999,4.0736,nan,nan,0.99,53.0,0.0,1.0,1.0,1.0
-0.453,-3.0415,5.0715,1.015,4.0565,nan,nan,0.99,53.0,0.0,1.0,1.0,1.0
-0.4554,-3.008,5.0708,1.0313999999999999,4.0394000000000005,nan,nan,0.99,53.0,0.0,1.0,1.0,1.0
-0.45780000000000004,-2.9745,5.0701,1.0477999999999998,4.0223,nan,nan,0.99,53.0,0.0,1.0,1.0,1.0
-0.4602,-2.9410000000000003,5.0694,1.0641999999999998,4.0052,nan,nan,0.99,53.0,0.0,1.0,1.0,1.0
-0.4626,-2.9075,5.0687,1.0805999999999998,3.9881,nan,nan,0.99,53.0,0.0,1.0,1.0,1.0
-0.465,-2.874,5.068,1.0969999999999998,3.971,nan,nan,0.99,53.0,0.0,1.0,1.0,1.0
-0.4561,-2.9064,4.9268,1.0101999999999998,3.9166,nan,nan,0.99,53.0,0.0,1.0,1.0,1.0
-0.44720000000000004,-2.9388,4.7856,0.9233999999999998,3.8622,nan,nan,0.99,53.0,0.0,1.0,1.0,1.0
-0.4383,-2.9712,4.6444,0.8365999999999998,3.8078000000000003,nan,nan,0.99,53.0,0.0,1.0,1.0,1.0
-0.4294,-3.0036,4.5032,0.7497999999999999,3.7534,nan,nan,0.99,53.0,0.0,1.0,1.0,1.0
-0.4205,-3.036,4.362,0.6629999999999999,3.699,nan,nan,0.99,53.0,0.0,1.0,1.0,1.0
-0.4116,-3.0684,4.2208,0.5761999999999999,3.6446,nan,nan,0.99,53.0,0.0,1.0,1.0,1.0
-0.4027,-3.1008,4.0796,0.48940000000000006,3.5902000000000003,nan,nan,0.99,53.0,0.0,1.0,1.0,1.0
-0.39380000000000004,-3.1332,3.9383999999999997,0.40260000000000007,3.5358,nan,nan,0.99,53.0,0.0,1.0,1.0,1.0
-0.3849,-3.1656,3.7972,0.3158000000000001,3.4814,nan,nan,0.99,53.0,0.0,1.0,1.0,1.0
-0.376,-3.198,3.656,0.2290000000000001,3.427,nan,nan,0.99,53.0,0.0,1.0,1.0,1.0
-0.3689,-3.1924,3.556,0.1818000000000001,3.3742,nan,nan,0.99,53.0,0.0,1.0,1.0,1.0
-0.3618,-3.1868,3.456,0.1346000000000001,3.3214,nan,nan,0.99,53.0,0.0,1.0,1.0,1.0
-0.3547,-3.1812,3.3560000000000003,0.08740000000000012,3.2686,nan,nan,0.99,53.0,0.0,1.0,1.0,1.0
-0.3476,-3.1755999999999998,3.2560000000000002,0.040200000000000125,3.2158,nan,nan,0.99,53.0,0.0,1.0,1.0,1.0
-0.3405,-3.17,3.156,-0.006999999999999895,3.1630000000000003,nan,nan,0.99,53.0,0.0,1.0,1.0,1.0
-0.3334,-3.1644,3.056,-0.05419999999999986,3.1102,nan,nan,0.99,53.0,0.0,1.0,1.0,1.0
-0.3263,-3.1588,2.9560000000000004,-0.10139999999999988,3.0574,nan,nan,0.99,53.0,0.0,1.0,1.0,1.0
-0.3192,-3.1532,2.856,-0.14859999999999984,3.0046,nan,nan,0.99,53.0,0.0,1.0,1.0,1.0
-0.3121,-3.1475999999999997,2.7560000000000002,-0.19579999999999986,2.9518,nan,nan,0.99,53.0,0.0,1.0,1.0,1.0
