"X","SaO2sup","P_a","rocc","HHb_d","HbO2_d","CCO_d","HbT_d","Hbdiff_d","PCrPi_d","PCrEPP_d","PiEPP_d","PmeEPP_d","NTPEPP_d","PCrNTP_d","nadir_s","endhi_s","lin_s","rocc2","t"
1,0.938263157894737,38.3684210526316,0,0,0,0,0,0,1.2775557097,0.2868163265,0.2245039683,0.5155118723,0.2751428819,1.0424268458,0,0,0,0,6
2,0.938263157894737,38.3684210526316,0,0.00777,-0.02007,0.00808,-0.0123,-0.02784,1.27296269358,0.28830269448,0.22654802977,0.50819541464,0.27259672581,1.05901018262,0,0,0,0,12
3,0.938263157894737,38.3684210526316,0,0.01554,-0.04014,0.01616,-0.0246,-0.05568,1.26836967746,0.28978906246,0.22859209124,0.50087895698,0.27005056972,1.07559351944,0,0,0,0,18
4,0.938263157894737,38.3684210526316,0,0.02331,-0.06021,0.02424,-0.0369,-0.08352,1.26377666134,0.29127543044,0.23063615271,0.49356249932,0.26750441363,1.09217685626,0,0,0,0,24
5,0.938263157894737,38.3684210526316,0,0.03108,-0.08028,0.03232,-0.0492,-0.11136,1.25918364522,0.29276179842,0.23268021418,0.48624604166,0.26495825754,1.10876019308,0,0,0,0,30
6,0.938263157894737,38.3684210526316,0,0.03885,-0.10035,0.0404,-0.0615,-0.1392,1.2545906291,0.2942481664,0.23472427565,0.478929584,0.26241210145,1.1253435299,0,0,0,0,36
7,0.938263157894737,38.3684210526316,0,0.04662,-0.12042,0.04848,-0.0738,-0.16704,1.24999761298,0.29573453438,0.23676833712,0.47161312634,0.25986594536,1.14192686672,0,0,0,0,42
8,0.938263157894737,38.3684210526316,0,0.05439,-0.14049,0.05656,-0.0861,-0.19488,1.24540459686,0.29722090236,0.23881239859,0.46429666868,0.25731978927,1.15851020354,0,0,0,0,48
9,0.938263157894737,38.3684210526316,0,0.06216,-0.16056,0.06464,-0.0984,-0.22272,1.24081158074,0.29870727034,0.24085646006,0.45698021102,0.25477363318,1.17509354036,0,0,0,0,54
10,0.938263157894737,38.3684210526316,0,0.06993,-0.18063,0.07272,-0.1107,-0.25056,1.23621856462,0.30019363832,0.24290052153,0.44966375336,0.25222747709,1.19167687718,0,0,0,0,60
11,0.938263157894737,38.3684210526316,0,0.0777,-0.2007,0.0808,-0.123,-0.2784,1.2316255485,0.3016800063,0.244944583,0.4423472957,0.249681321,1.208260214,0,0,0,0,66
12,0.938263157894737,38.3684210526316,0,0.07136,-0.20873,0.08451,-0.13737,-0.2801,1.23976905291,0.30409029949,0.24526108469,0.44249351888,0.24860824582,1.22377324355,0,0,0,0,72
13,0.938263157894737,38.3684210526316,0,0.06502,-0.21676,0.08822,-0.15174,-0.2818,1.24791255732,0.30650059268,0.24557758638,0.44263974206,0.24753517064,1.2392862731,0,0,0,0,78
14,0.938263157894737,38.3684210526316,0,0.05868,-0.22479,0.09193,-0.16611,-0.2835,1.25605606173,0.30891088587,0.24589408807,0.44278596524,0.24646209546,1.25479930265,0,0,0,0,84
15,0.938263157894737,38.3684210526316,0,0.05234,-0.23282,0.09564,-0.18048,-0.2852,1.26419956614,0.31132117906,0.24621058976,0.44293218842,0.24538902028,1.2703123322,0,0,0,0,90
16,0.938263157894737,38.3684210526316,0,0.046,-0.24085,0.09935,-0.19485,-0.2869,1.27234307055,0.31373147225,0.24652709145,0.4430784116,0.2443159451,1.28582536175,0,0,0,0,96
17,0.938263157894737,38.3684210526316,0,0.03966,-0.24888,0.10306,-0.20922,-0.2886,1.28048657496,0.31614176544,0.24684359314,0.44322463478,0.24324286992,1.3013383913,0,0,0,0,102
18,0.938263157894737,38.3684210526316,0,0.03332,-0.25691,0.10677,-0.22359,-0.2903,1.28863007937,0.31855205863,0.24716009483,0.44337085796,0.24216979474,1.31685142085,0,0,0,0,108
19,0.938263157894737,38.3684210526316,0,0.02698,-0.26494,0.11048,-0.23796,-0.292,1.29677358378,0.32096235182,0.24747659652,0.44351708114,0.24109671956,1.3323644504,0,0,0,0,114
20,0.938263157894737,38.3684210526316,0,0.02064,-0.27297,0.11419,-0.25233,-0.2937,1.30491708819,0.32337264501,0.24779309821,0.44366330432,0.24002364438,1.34787747995,0,0,0,0,120
21,0.938263157894737,38.3684210526316,0,0.0143,-0.281,0.1179,-0.2667,-0.2954,1.3130605926,0.3257829382,0.2481095999,0.4438095275,0.2389505692,1.3633905095,0,0,0,0,126
22,0.938263157894737,38.3684210526316,0,0.00283,-0.29747,0.12559,-0.29464,-0.30039,1.29919116263,0.32459634626,0.25002939851,0.44312001535,0.23872914088,1.35965344537,0,0,0,0,132
23,0.938263157894737,38.3684210526316,0,-0.00864,-0.31394,0.13328,-0.32258,-0.30538,1.28532173266,0.32340975432,0.25194919712,0.4424305032,0.23850771256,1.35591638124,0,0,0,0,138
24,0.938263157894737,38.3684210526316,0,-0.02011,-0.33041,0.14097,-0.35052,-0.31037,1.27145230269,0.32222316238,0.25386899573,0.44174099105,0.23828628424,1.35217931711,0,0,0,0,144
25,0.938263157894737,38.3684210526316,0,-0.03158,-0.34688,0.14866,-0.37846,-0.31536,1.25758287272,0.32103657044,0.25578879434,0.4410514789,0.23806485592,1.34844225298,0,0,0,0,150
26,0.938263157894737,38.3684210526316,0,-0.04305,-0.36335,0.15635,-0.4064,-0.32035,1.24371344275,0.3198499785,0.25770859295,0.44036196675,0.2378434276,1.34470518885,0,0,0,0,156
27,0.938263157894737,38.3684210526316,0,-0.05452,-0.37982,0.16404,-0.43434,-0.32534,1.22984401278,0.31866338656,0.25962839156,0.4396724546,0.23762199928,1.34096812472,0,0,0,0,162
28,0.938263157894737,38.3684210526316,0,-0.06599,-0.39629,0.17173,-0.46228,-0.33033,1.21597458281,0.31747679462,0.26154819017,0.43898294245,0.23740057096,1.33723106059,0,0,0,0,168
29,0.938263157894737,38.3684210526316,0,-0.07746,-0.41276,0.17942,-0.49022,-0.33532,1.20210515284,0.31629020268,0.26346798878,0.4382934303,0.23717914264,1.33349399646,0,0,0,0,174
30,0.938263157894737,38.3684210526316,0,-0.08893,-0.42923,0.18711,-0.51816,-0.34031,1.18823572287,0.31510361074,0.26538778739,0.43760391815,0.23695771432,1.32975693233,0,0,0,0,180
31,0.938263157894737,38.3684210526316,0,-0.1004,-0.4457,0.1948,-0.5461,-0.3453,1.1743662929,0.3139170188,0.267307586,0.436914406,0.236736286,1.3260198682,0,0,0,0,186
32,0.938263157894737,38.3684210526316,0,-0.14904,-0.53214,0.18627,-0.68118,-0.3831,1.17073873683,0.31314960551,0.26748530466,0.43671155507,0.23614064939,1.32611698537,0,0,0,0,192
33,0.938263157894737,38.3684210526316,0,-0.19768,-0.61858,0.17774,-0.81626,-0.4209,1.16711118076,0.31238219222,0.26766302332,0.43650870414,0.23554501278,1.32621410254,0,0,0,0,198
34,0.938263157894737,38.3684210526316,0,-0.24632,-0.70502,0.16921,-0.95134,-0.4587,1.16348362469,0.31161477893,0.26784074198,0.43630585321,0.23494937617,1.32631121971,0,0,0,0,204
35,0.938263157894737,38.3684210526316,0,-0.29496,-0.79146,0.16068,-1.08642,-0.4965,1.15985606862,0.31084736564,0.26801846064,0.43610300228,0.23435373956,1.32640833688,0,0,0,0,210
36,0.938263157894737,38.3684210526316,0,-0.3436,-0.8779,0.15215,-1.2215,-0.5343,1.15622851255,0.31007995235,0.2681961793,0.43590015135,0.23375810295,1.32650545405,0,0,0,0,216
37,0.938263157894737,38.3684210526316,0,-0.39224,-0.96434,0.14362,-1.35658,-0.5721,1.15260095648,0.30931253906,0.26837389796,0.43569730042,0.23316246634,1.32660257122,0,0,0,0,222
38,0.938263157894737,38.3684210526316,0,-0.44088,-1.05078,0.13509,-1.49166,-0.6099,1.14897340041,0.30854512577,0.26855161662,0.43549444949,0.23256682973,1.32669968839,0,0,0,0,228
39,0.938263157894737,38.3684210526316,0,-0.48952,-1.13722,0.12656,-1.62674,-0.6477,1.14534584434,0.30777771248,0.26872933528,0.43529159856,0.23197119312,1.32679680556,0,0,0,0,234
40,0.938263157894737,38.3684210526316,0,-0.53816,-1.22366,0.11803,-1.76182,-0.6855,1.14171828827,0.30701029919,0.26890705394,0.43508874763,0.23137555651,1.32689392273,0,0,0,0,240
41,0.938263157894737,38.3684210526316,0,-0.5868,-1.3101,0.1095,-1.8969,-0.7233,1.1380907322,0.3062428859,0.2690847726,0.4348858967,0.2307799199,1.3269910399,0,0,0,0,246
42,0.938263157894737,38.3684210526316,0,-0.58948,-1.32926,0.10985,-1.91874,-0.73977,1.15547700116,0.30830584062,0.26709123727,0.44230841025,0.23190371374,1.32935322246,0,0,0,0,252
43,0.938263157894737,38.3684210526316,0,-0.59216,-1.34842,0.1102,-1.94058,-0.75624,1.17286327012,0.31036879534,0.26509770194,0.4497309238,0.23302750758,1.33171540502,0,0,0,0,258
44,0.938263157894737,38.3684210526316,0,-0.59484,-1.36758,0.11055,-1.96242,-0.77271,1.19024953908,0.31243175006,0.26310416661,0.45715343735,0.23415130142,1.33407758758,0,0,0,0,264
45,0.938263157894737,38.3684210526316,0,-0.59752,-1.38674,0.1109,-1.98426,-0.78918,1.20763580804,0.31449470478,0.26111063128,0.4645759509,0.23527509526,1.33643977014,0,0,0,0,270
46,0.938263157894737,38.3684210526316,0,-0.6002,-1.4059,0.11125,-2.0061,-0.80565,1.225022077,0.3165576595,0.25911709595,0.47199846445,0.2363988891,1.3388019527,0,0,0,0,276
47,0.938263157894737,38.3684210526316,0,-0.60288,-1.42506,0.1116,-2.02794,-0.82212,1.24240834596,0.31862061422,0.25712356062,0.479420978,0.23752268294,1.34116413526,0,0,0,0,282
48,0.938263157894737,38.3684210526316,0,-0.60556,-1.44422,0.11195,-2.04978,-0.83859,1.25979461492,0.32068356894,0.25513002529,0.48684349155,0.23864647678,1.34352631782,0,0,0,0,288
49,0.938263157894737,38.3684210526316,0,-0.60824,-1.46338,0.1123,-2.07162,-0.85506,1.27718088388,0.32274652366,0.25313648996,0.4942660051,0.23977027062,1.34588850038,0,0,0,0,294
50,0.938263157894737,38.3684210526316,0,-0.61092,-1.48254,0.11265,-2.09346,-0.87153,1.29456715284,0.32480947838,0.25114295463,0.50168851865,0.24089406446,1.34825068294,0,0,0,0,300
51,0.938263157894737,38.3684210526316,0,-0.6136,-1.5017,0.113,-2.1153,-0.888,1.3119534218,0.3268724331,0.2491494193,0.5091110322,0.2420178583,1.3506128655,0,0,0,0,306
52,0.938263157894737,38.3684210526316,0,-0.62237,-1.47048,0.10648,-2.09285,-0.84802,1.29520811692,0.32421807043,0.25047551787,0.50185799678,0.23990475944,1.35151656715,0,0,0,0,312
53,0.938263157894737,38.3684210526316,0,-0.63114,-1.43926,0.09996,-2.0704,-0.80804,1.27846281204,0.32156370776,0.25180161644,0.49460496136,0.23779166058,1.3524202688,0,0,0,0,318
54,0.938263157894737,38.3684210526316,0,-0.63991,-1.40804,0.09344,-2.04795,-0.76806,1.26171750716,0.31890934509,0.25312771501,0.48735192594,0.23567856172,1.35332397045,0,0,0,0,324
55,0.938263157894737,38.3684210526316,0,-0.64868,-1.37682,0.08692,-2.0255,-0.72808,1.24497220228,0.31625498242,0.25445381358,0.48009889052,0.23356546286,1.3542276721,0,0,0,0,330
56,0.938263157894737,38.3684210526316,0,-0.65745,-1.3456,0.0804,-2.00305,-0.6881,1.2282268974,0.31360061975,0.25577991215,0.4728458551,0.231452364,1.35513137375,0,0,0,0,336
57,0.938263157894737,38.3684210526316,0,-0.66622,-1.31438,0.07388,-1.9806,-0.64812,1.21148159252,0.31094625708,0.25710601072,0.46559281968,0.22933926514,1.3560350754,0,0,0,0,342
58,0.938263157894737,38.3684210526316,0,-0.67499,-1.28316,0.06736,-1.95815,-0.60814,1.19473628764,0.30829189441,0.25843210929,0.45833978426,0.22722616628,1.35693877705,0,0,0,0,348
59,0.938263157894737,38.3684210526316,0,-0.68376,-1.25194,0.06084,-1.9357,-0.56816,1.17799098276,0.30563753174,0.25975820786,0.45108674884,0.22511306742,1.3578424787,0,0,0,0,354
60,0.938263157894737,38.3684210526316,0,-0.69253,-1.22072,0.05432,-1.91325,-0.52818,1.16124567788,0.30298316907,0.26108430643,0.44383371342,0.22299996856,1.35874618035,0,0,0,0,360
61,0.938263157894737,38.3684210526316,0,-0.7013,-1.1895,0.0478,-1.8908,-0.4882,1.144500373,0.3003288064,0.262410405,0.436580678,0.2208868697,1.359649882,0,0,0,0,366
62,0.938263157894737,38.3684210526316,0,-0.7119,-1.18645,0.05179,-1.89835,-0.47455,1.15437320025,0.3010886512,0.26093771709,0.43961083412,0.22534203261,1.33969189946,0,0,0,0,372
63,0.938263157894737,38.3684210526316,0,-0.7225,-1.1834,0.05578,-1.9059,-0.4609,1.1642460275,0.301848496,0.25946502918,0.44264099024,0.22979719552,1.31973391692,0,0,0,0,378
64,0.938263157894737,38.3684210526316,0,-0.7331,-1.18035,0.05977,-1.91345,-0.44725,1.17411885475,0.3026083408,0.25799234127,0.44567114636,0.23425235843,1.29977593438,0,0,0,0,384
65,0.938263157894737,38.3684210526316,0,-0.7437,-1.1773,0.06376,-1.921,-0.4336,1.183991682,0.3033681856,0.25651965336,0.44870130248,0.23870752134,1.27981795184,0,0,0,0,390
66,0.938263157894737,38.3684210526316,0,-0.7543,-1.17425,0.06775,-1.92855,-0.41995,1.19386450925,0.3041280304,0.25504696545,0.4517314586,0.24316268425,1.2598599693,0,0,0,0,396
67,0.938263157894737,38.3684210526316,0,-0.7649,-1.1712,0.07174,-1.9361,-0.4063,1.2037373365,0.3048878752,0.25357427754,0.45476161472,0.24761784716,1.23990198676,0,0,0,0,402
68,0.938263157894737,38.3684210526316,0,-0.7755,-1.16815,0.07573,-1.94365,-0.39265,1.21361016375,0.30564772,0.25210158963,0.45779177084,0.25207301007,1.21994400422,0,0,0,0,408
69,0.938263157894737,38.3684210526316,0,-0.7861,-1.1651,0.07972,-1.9512,-0.379,1.223482991,0.3064075648,0.25062890172,0.46082192696,0.25652817298,1.19998602168,0,0,0,0,414
70,0.938263157894737,38.3684210526316,0,-0.7967,-1.16205,0.08371,-1.95875,-0.36535,1.23335581825,0.3071674096,0.24915621381,0.46385208308,0.26098333589,1.18002803914,0,0,0,0,420
71,0.938263157894737,38.3684210526316,0,-0.8073,-1.159,0.0877,-1.9663,-0.3517,1.2432286455,0.3079272544,0.2476835259,0.4668822392,0.2654384988,1.1600700566,0,0,0,0,426
72,0.938263157894737,38.3684210526316,0,-0.84832,-1.16435,0.10536,-2.01267,-0.31603,1.23259181233,0.30910590662,0.25103769397,0.46600969927,0.26174490063,1.18398001141,0,0,0,0,432
73,0.938263157894737,38.3684210526316,0,-0.88934,-1.1697,0.12302,-2.05904,-0.28036,1.22195497916,0.31028455884,0.25439186204,0.46513715934,0.25805130246,1.20788996622,0,0,0,0,438
74,0.938263157894737,38.3684210526316,0,-0.93036,-1.17505,0.14068,-2.10541,-0.24469,1.21131814599,0.31146321106,0.25774603011,0.46426461941,0.25435770429,1.23179992103,0,0,0,0,444
75,0.938263157894737,38.3684210526316,0,-0.97138,-1.1804,0.15834,-2.15178,-0.20902,1.20068131282,0.31264186328,0.26110019818,0.46339207948,0.25066410612,1.25570987584,0,0,0,0,450
76,0.938263157894737,38.3684210526316,0,-1.0124,-1.18575,0.176,-2.19815,-0.17335,1.19004447965,0.3138205155,0.26445436625,0.46251953955,0.24697050795,1.27961983065,0,0,0,0,456
77,0.938263157894737,38.3684210526316,0,-1.05342,-1.1911,0.19366,-2.24452,-0.13768,1.17940764648,0.31499916772,0.26780853432,0.46164699962,0.24327690978,1.30352978546,0,0,0,0,462
78,0.938263157894737,38.3684210526316,0,-1.09444,-1.19645,0.21132,-2.29089,-0.10201,1.16877081331,0.31617781994,0.27116270239,0.46077445969,0.23958331161,1.32743974027,0,0,0,0,468
79,0.938263157894737,38.3684210526316,0,-1.13546,-1.2018,0.22898,-2.33726,-0.06634,1.15813398014,0.31735647216,0.27451687046,0.45990191976,0.23588971344,1.35134969508,0,0,0,0,474
80,0.938263157894737,38.3684210526316,0,-1.17648,-1.20715,0.24664,-2.38363,-0.03067,1.14749714697,0.31853512438,0.27787103853,0.45902937983,0.23219611527,1.37525964989,0,0,0,0,480
81,0.938263157894737,38.3684210526316,0,-1.2175,-1.2125,0.2643,-2.43,0.005,1.1368603138,0.3197137766,0.2812252066,0.4581568399,0.2285025171,1.3991696047,0,0,0,0,486
82,0.938263157894737,38.3684210526316,0,-1.18979,-1.20443,0.24832,-2.39421,-0.01464,1.17057844125,0.32191581081,0.27628616471,0.46397186667,0.23039400663,1.39737312468,0,0,0,0,492
83,0.938263157894737,38.3684210526316,0,-1.16208,-1.19636,0.23234,-2.35842,-0.03428,1.2042965687,0.32411784502,0.27134712282,0.46978689344,0.23228549616,1.39557664466,0,0,0,0,498
84,0.938263157894737,38.3684210526316,0,-1.13437,-1.18829,0.21636,-2.32263,-0.05392,1.23801469615,0.32631987923,0.26640808093,0.47560192021,0.23417698569,1.39378016464,0,0,0,0,504
85,0.938263157894737,38.3684210526316,0,-1.10666,-1.18022,0.20038,-2.28684,-0.07356,1.2717328236,0.32852191344,0.26146903904,0.48141694698,0.23606847522,1.39198368462,0,0,0,0,510
86,0.938263157894737,38.3684210526316,0,-1.07895,-1.17215,0.1844,-2.25105,-0.0932,1.30545095105,0.33072394765,0.25652999715,0.48723197375,0.23795996475,1.3901872046,0,0,0,0,516
87,0.938263157894737,38.3684210526316,0,-1.05124,-1.16408,0.16842,-2.21526,-0.11284,1.3391690785,0.33292598186,0.25159095526,0.49304700052,0.23985145428,1.38839072458,0,0,0,0,522
88,0.938263157894737,38.3684210526316,0,-1.02353,-1.15601,0.15244,-2.17947,-0.13248,1.37288720595,0.33512801607,0.24665191337,0.49886202729,0.24174294381,1.38659424456,0,0,0,0,528
89,0.938263157894737,38.3684210526316,0,-0.99582,-1.14794,0.13646,-2.14368,-0.15212,1.4066053334,0.33733005028,0.24171287148,0.50467705406,0.24363443334,1.38479776454,0,0,0,0,534
90,0.938263157894737,38.3684210526316,0,-0.96811,-1.13987,0.12048,-2.10789,-0.17176,1.44032346085,0.33953208449,0.23677382959,0.51049208083,0.24552592287,1.38300128452,0,0,0,0,540
91,0.938263157894737,38.3684210526316,0,-0.9404,-1.1318,0.1045,-2.0721,-0.1914,1.4740415883,0.3417341187,0.2318347877,0.5163071076,0.2474174124,1.3812048045,0,0,0,0,546
92,0.940436842105263,38.9315789473684,0.1,-0.93462,-1.14384,0.11093,-2.07837,-0.20922,1.44173143259,0.33758372577,0.23473695903,0.51096576136,0.24805902347,1.36136270813,0,0,0,0.1,552
93,0.942610526315789,39.4947368421053,0.2,-0.92884,-1.15588,0.11736,-2.08464,-0.22704,1.40942127688,0.33343333284,0.23763913036,0.50562441512,0.24870063454,1.34152061176,0,0,0,0.2,558
94,0.944784210526316,40.0578947368421,0.3,-0.92306,-1.16792,0.12379,-2.09091,-0.24486,1.37711112117,0.32928293991,0.24054130169,0.50028306888,0.24934224561,1.32167851539,0,0,0,0.3,564
95,0.946957894736842,40.6210526315789,0.4,-0.91728,-1.17996,0.13022,-2.09718,-0.26268,1.34480096546,0.32513254698,0.24344347302,0.49494172264,0.24998385668,1.30183641902,0,0,0,0.4,570
96,0.949131578947368,41.1842105263158,0.5,-0.9115,-1.192,0.13665,-2.10345,-0.2805,1.31249080975,0.32098215405,0.24634564435,0.4896003764,0.25062546775,1.28199432265,0,0,0,0.5,576
97,0.951305263157895,41.7473684210526,0.6,-0.90572,-1.20404,0.14308,-2.10972,-0.29832,1.28018065404,0.31683176112,0.24924781568,0.48425903016,0.25126707882,1.26215222628,0,0,0,0.6,582
98,0.953478947368421,42.3105263157895,0.7,-0.89994,-1.21608,0.14951,-2.11599,-0.31614,1.24787049833,0.31268136819,0.25214998701,0.47891768392,0.25190868989,1.24231012991,0,0,0,0.7,588
99,0.955652631578947,42.8736842105263,0.8,-0.89416,-1.22812,0.15594,-2.12226,-0.33396,1.21556034262,0.30853097526,0.25505215834,0.47357633768,0.25255030096,1.22246803354,0,0,0,0.8,594
100,0.957826315789474,43.4368421052632,0.9,-0.88838,-1.24016,0.16237,-2.12853,-0.35178,1.18325018691,0.30438058233,0.25795432967,0.46823499144,0.25319191203,1.20262593717,0,0,0,0.9,600
101,0.96,44,1,-0.8826,-1.2522,0.1688,-2.1348,-0.3696,1.1509400312,0.3002301894,0.260856501,0.4628936452,0.2538335231,1.1827838408,0,0,0,1,606
102,0.945,44.7,1,-0.85325,-1.26901,0.15699,-2.12226,-0.41577,1.15272104869,0.30256654076,0.26245800777,0.45826707825,0.25028422543,1.21271141677,0,0,0,1,612
103,0.93,45.4,1,-0.8239,-1.28582,0.14518,-2.10972,-0.46194,1.15450206618,0.30490289212,0.26405951454,0.4536405113,0.24673492776,1.24263899274,0,0,0,1,618
104,0.915,46.1,1,-0.79455,-1.30263,0.13337,-2.09718,-0.50811,1.15628308367,0.30723924348,0.26566102131,0.44901394435,0.24318563009,1.27256656871,0,0,0,1,624
105,0.9,46.8,1,-0.7652,-1.31944,0.12156,-2.08464,-0.55428,1.15806410116,0.30957559484,0.26726252808,0.4443873774,0.23963633242,1.30249414468,0,0,0,1,630
106,0.885,47.5,1,-0.73585,-1.33625,0.10975,-2.0721,-0.60045,1.15984511865,0.3119119462,0.26886403485,0.43976081045,0.23608703475,1.33242172065,0,0,0,1,636
107,0.87,48.2,1,-0.7065,-1.35306,0.09794,-2.05956,-0.64662,1.16162613614,0.31424829756,0.27046554162,0.4351342435,0.23253773708,1.36234929662,0,0,0,1,642
108,0.855,48.9,1,-0.67715,-1.36987,0.08613,-2.04702,-0.69279,1.16340715363,0.31658464892,0.27206704839,0.43050767655,0.22898843941,1.39227687259,0,0,0,1,648
109,0.84,49.6,1,-0.6478,-1.38668,0.07432,-2.03448,-0.73896,1.16518817112,0.31892100028,0.27366855516,0.4258811096,0.22543914174,1.42220444856,0,0,0,1,654
110,0.825,50.3,1,-0.61845,-1.40349,0.06251,-2.02194,-0.78513,1.16696918861,0.32125735164,0.27527006193,0.42125454265,0.22188984407,1.45213202453,0,0,0,1,660
111,0.81,51,1,-0.5891,-1.4203,0.0507,-2.0094,-0.8313,1.1687502061,0.323593703,0.2768715687,0.4166279757,0.2183405464,1.4820596005,0,0,0,1,666
112,0.792,51.8,1,0.15595,-2.26266,0.03541,-2.10671,-2.41871,1.16578232483,0.32011160102,0.27453599953,0.42385222302,0.22070573804,1.45318491215,0,0,0,1,672
113,0.774,52.6,1,0.901,-3.10502,0.02012,-2.20402,-4.00612,1.16281444356,0.31662949904,0.27220043036,0.43107647034,0.22307092968,1.4243102238,0,0,0,1,678
114,0.756,53.4,1,1.64605,-3.94738,0.00483,-2.30133,-5.59353,1.15984656229,0.31314739706,0.26986486119,0.43830071766,0.22543612132,1.39543553545,0,0,0,1,684
115,0.738,54.2,1,2.3911,-4.78974,-0.01046,-2.39864,-7.18094,1.15687868102,0.30966529508,0.26752929202,0.44552496498,0.22780131296,1.3665608471,0,0,0,1,690
116,0.72,55,1,3.13615,-5.6321,-0.02575,-2.49595,-8.76835,1.15391079975,0.3061831931,0.26519372285,0.4527492123,0.2301665046,1.33768615875,0,0,0,1,696
117,0.702,55.8,1,3.8812,-6.47446,-0.04104,-2.59326,-10.35576,1.15094291848,0.30270109112,0.26285815368,0.45997345962,0.23253169624,1.3088114704,0,0,0,1,702
118,0.684,56.6,1,4.62625,-7.31682,-0.05633,-2.69057,-11.94317,1.14797503721,0.29921898914,0.26052258451,0.46719770694,0.23489688788,1.27993678205,0,0,0,1,708
119,0.666,57.4,1,5.3713,-8.15918,-0.07162,-2.78788,-13.53058,1.14500715594,0.29573688716,0.25818701534,0.47442195426,0.23726207952,1.2510620937,0,0,0,1,714
120,0.648,58.2,1,6.11635,-9.00154,-0.08691,-2.88519,-15.11799,1.14203927467,0.29225478518,0.25585144617,0.48164620158,0.23962727116,1.22218740535,0,0,0,1,720
121,0.63,59,1,6.8614,-9.8439,-0.1022,-2.9825,-16.7054,1.1390713934,0.2887726832,0.253515877,0.4888704489,0.2419924628,1.193312717,0,0,0,1,726
122,0.625,59.2,1,8.06877,-10.72031,-0.13297,-2.65155,-18.78917,1.10591808573,0.28679307778,0.26147250805,0.48832178562,0.23955737711,1.1975683982,0,0,0,1,732
123,0.62,59.4,1,9.27614,-11.59672,-0.16374,-2.3206,-20.87294,1.07276477806,0.28481347236,0.2694291391,0.48777312234,0.23712229142,1.2018240794,0,0,0,1,738
124,0.615,59.6,1,10.48351,-12.47313,-0.19451,-1.98965,-22.95671,1.03961147039,0.28283386694,0.27738577015,0.48722445906,0.23468720573,1.2060797606,0,0,0,1,744
125,0.61,59.8,1,11.69088,-13.34954,-0.22528,-1.6587,-25.04048,1.00645816272,0.28085426152,0.2853424012,0.48667579578,0.23225212004,1.2103354418,0,0,0,1,750
126,0.605,60,1,12.89825,-14.22595,-0.25605,-1.32775,-27.12425,0.97330485505,0.2788746561,0.29329903225,0.4861271325,0.22981703435,1.214591123,0,0,0,1,756
127,0.6,60.2,1,14.10562,-15.10236,-0.28682,-0.9968,-29.20802,0.94015154738,0.27689505068,0.3012556633,0.48557846922,0.22738194866,1.2188468042,0,0,0,1,762
128,0.595,60.4,1,15.31299,-15.97877,-0.31759,-0.66585,-31.29179,0.90699823971,0.27491544526,0.30921229435,0.48502980594,0.22494686297,1.2231024854,0,0,0,1,768
129,0.59,60.6,1,16.52036,-16.85518,-0.34836,-0.3349,-33.37556,0.87384493204,0.27293583984,0.3171689254,0.48448114266,0.22251177728,1.2273581666,0,0,0,1,774
130,0.585,60.8,1,17.72773,-17.73159,-0.37913,-0.00395000000000012,-35.45933,0.84069162437,0.27095623442,0.32512555645,0.48393247938,0.22007669159,1.2316138478,0,0,0,1,780
131,0.58,61,1,18.9351,-18.608,-0.4099,0.327,-37.5431,0.8075383167,0.268976629,0.3330821875,0.4833838161,0.2176416059,1.235869529,0,0,0,1,786
132,0.58,61.1,1,19.39783,-18.9062,-0.41967,0.49154,-38.30403,0.78599196798,0.26404055781,0.33686656349,0.47972200012,0.21762742363,1.21325551219,0,0,0,1,792
133,0.58,61.2,1,19.86056,-19.2044,-0.42944,0.65608,-39.06496,0.76444561926,0.25910448662,0.34065093948,0.47606018414,0.21761324136,1.19064149538,0,0,0,1,798
134,0.58,61.3,1,20.32329,-19.5026,-0.43921,0.82062,-39.82589,0.74289927054,0.25416841543,0.34443531547,0.47239836816,0.21759905909,1.16802747857,0,0,0,1,804
135,0.58,61.4,1,20.78602,-19.8008,-0.44898,0.98516,-40.58682,0.72135292182,0.24923234424,0.34821969146,0.46873655218,0.21758487682,1.14541346176,0,0,0,1,810
136,0.58,61.5,1,21.24875,-20.099,-0.45875,1.1497,-41.34775,0.6998065731,0.24429627305,0.35200406745,0.4650747362,0.21757069455,1.12279944495,0,0,0,1,816
137,0.58,61.6,1,21.71148,-20.3972,-0.46852,1.31424,-42.10868,0.67826022438,0.23936020186,0.35578844344,0.46141292022,0.21755651228,1.10018542814,0,0,0,1,822
138,0.58,61.7,1,22.17421,-20.6954,-0.47829,1.47878,-42.86961,0.65671387566,0.23442413067,0.35957281943,0.45775110424,0.21754233001,1.07757141133,0,0,0,1,828
139,0.58,61.8,1,22.63694,-20.9936,-0.48806,1.64332,-43.63054,0.63516752694,0.22948805948,0.36335719542,0.45408928826,0.21752814774,1.05495739452,0,0,0,1,834
140,0.58,61.9,1,23.09967,-21.2918,-0.49783,1.80786,-44.39147,0.61362117822,0.22455198829,0.36714157141,0.45042747228,0.21751396547,1.03234337771,0,0,0,1,840
141,0.58,62,1,23.5624,-21.59,-0.5076,1.9724,-45.1524,0.5920748295,0.2196159171,0.3709259474,0.4467656563,0.2174997832,1.0097293609,0,0,0,1,846
142,0.574,62.4,1,23.73804,-21.59269,-0.52316,2.14536,-45.33073,0.58471010466,0.21757348519,0.37225561359,0.45004821386,0.21930866027,0.9933070512,0,0,0,1,852
143,0.568,62.8,1,23.91368,-21.59538,-0.53872,2.31832,-45.50906,0.57734537982,0.21553105328,0.37358527978,0.45333077142,0.22111753734,0.9768847415,0,0,0,1,858
144,0.562,63.2,1,24.08932,-21.59807,-0.55428,2.49128,-45.68739,0.56998065498,0.21348862137,0.37491494597,0.45661332898,0.22292641441,0.9604624318,0,0,0,1,864
145,0.556,63.6,1,24.26496,-21.60076,-0.56984,2.66424,-45.86572,0.56261593014,0.21144618946,0.37624461216,0.45989588654,0.22473529148,0.9440401221,0,0,0,1,870
146,0.55,64,1,24.4406,-21.60345,-0.5854,2.8372,-46.04405,0.5552512053,0.20940375755,0.37757427835,0.4631784441,0.22654416855,0.9276178124,0,0,0,1,876
147,0.544,64.4,1,24.61624,-21.60614,-0.60096,3.01016,-46.22238,0.54788648046,0.20736132564,0.37890394454,0.46646100166,0.22835304562,0.9111955027,0,0,0,1,882
148,0.538,64.8,1,24.79188,-21.60883,-0.61652,3.18312,-46.40071,0.54052175562,0.20531889373,0.38023361073,0.46974355922,0.23016192269,0.894773193,0,0,0,1,888
149,0.532,65.2,1,24.96752,-21.61152,-0.63208,3.35608,-46.57904,0.53315703078,0.20327646182,0.38156327692,0.47302611678,0.23197079976,0.8783508833,0,0,0,1,894
150,0.526,65.6,1,25.14316,-21.61421,-0.64764,3.52904,-46.75737,0.52579230594,0.20123402991,0.38289294311,0.47630867434,0.23377967683,0.8619285736,0,0,0,1,900
151,0.52,66,1,25.3188,-21.6169,-0.6632,3.702,-46.9357,0.5184275811,0.199191598,0.3842226093,0.4795912319,0.2355885539,0.8455062639,0,0,0,1,906
152,0.516,66.5,1,25.61765,-21.74538,-0.66876,3.87236,-47.36304,0.51044904376,0.19722352296,0.38672455594,0.47899339518,0.2370328955,0.8327507954,0,0,0,1,912
153,0.512,67,1,25.9165,-21.87386,-0.67432,4.04272,-47.79038,0.50247050642,0.19525544792,0.38922650258,0.47839555846,0.2384772371,0.8199953269,0,0,0,1,918
154,0.508,67.5,1,26.21535,-22.00234,-0.67988,4.21308,-48.21772,0.49449196908,0.19328737288,0.39172844922,0.47779772174,0.2399215787,0.8072398584,0,0,0,1,924
155,0.504,68,1,26.5142,-22.13082,-0.68544,4.38344,-48.64506,0.48651343174,0.19131929784,0.39423039586,0.47719988502,0.2413659203,0.7944843899,0,0,0,1,930
156,0.5,68.5,1,26.81305,-22.2593,-0.691,4.5538,-49.0724,0.4785348944,0.1893512228,0.3967323425,0.4766020483,0.2428102619,0.7817289214,0,0,0,1,936
157,0.496,69,1,27.1119,-22.38778,-0.69656,4.72416,-49.49974,0.47055635706,0.18738314776,0.39923428914,0.47600421158,0.2442546035,0.7689734529,0,0,0,1,942
158,0.492,69.5,1,27.41075,-22.51626,-0.70212,4.89452,-49.92708,0.46257781972,0.18541507272,0.40173623578,0.47540637486,0.2456989451,0.7562179844,0,0,0,1,948
159,0.488,70,1,27.7096,-22.64474,-0.70768,5.06488,-50.35442,0.45459928238,0.18344699768,0.40423818242,0.47480853814,0.2471432867,0.7434625159,0,0,0,1,954
160,0.484,70.5,1,28.00845,-22.77322,-0.71324,5.23524,-50.78176,0.44662074504,0.18147892264,0.40674012906,0.47421070142,0.2485876283,0.7307070474,0,0,0,1,960
161,0.48,71,1,28.3073,-22.9017,-0.7188,5.4056,-51.2091,0.4386422077,0.1795108476,0.4092420757,0.4736128647,0.2500319699,0.7179515789,0,0,0,1,966
162,0.477,70.8,1,28.74196,-23.19061,-0.76581,5.55135,-51.93266,0.42270313856,0.17475869262,0.4155832508,0.47636345755,0.24834525311,0.70276414939,0,0,0,1,972
163,0.474,70.6,1,29.17662,-23.47952,-0.81282,5.6971,-52.65622,0.40676406942,0.17000653764,0.4219244259,0.4791140504,0.24665853632,0.68757671988,0,0,0,1,978
164,0.471,70.4,1,29.61128,-23.76843,-0.85983,5.84285,-53.37978,0.39082500028,0.16525438266,0.428265601,0.48186464325,0.24497181953,0.67238929037,0,0,0,1,984
165,0.468,70.2,1,30.04594,-24.05734,-0.90684,5.9886,-54.10334,0.37488593114,0.16050222768,0.4346067761,0.4846152361,0.24328510274,0.65720186086,0,0,0,1,990
166,0.465,70,1,30.4806,-24.34625,-0.95385,6.13435,-54.8269,0.358946862,0.1557500727,0.4409479512,0.48736582895,0.24159838595,0.64201443135,0,0,0,1,996
167,0.462,69.8,1,30.91526,-24.63516,-1.00086,6.2801,-55.55046,0.34300779286,0.15099791772,0.4472891263,0.4901164218,0.23991166916,0.62682700184,0,0,0,1,1002
168,0.459,69.6,1,31.34992,-24.92407,-1.04787,6.42585,-56.27402,0.32706872372,0.14624576274,0.4536303014,0.49286701465,0.23822495237,0.61163957233,0,0,0,1,1008
169,0.456,69.4,1,31.78458,-25.21298,-1.09488,6.5716,-56.99758,0.31112965458,0.14149360776,0.4599714765,0.4956176075,0.23653823558,0.59645214282,0,0,0,1,1014
170,0.453,69.2,1,32.21924,-25.50189,-1.14189,6.71735,-57.72114,0.29519058544,0.13674145278,0.4663126516,0.49836820035,0.23485151879,0.58126471331,0,0,0,1,1020
171,0.45,69,1,32.6539,-25.7908,-1.1889,6.8631,-58.4447,0.2792515163,0.1319892978,0.4726538267,0.5011187932,0.233164802,0.5660772838,0,0,0,1,1026
172,0.451,68.5,1,32.90595,-25.91058,-1.19408,6.99537,-58.81653,0.27306813282,0.12996345264,0.47677839787,0.50037408324,0.23179254682,0.56038538684,0,0,0,1,1032
173,0.452,68,1,33.158,-26.03036,-1.19926,7.12764,-59.18836,0.26688474934,0.12793760748,0.48090296904,0.49962937328,0.23042029164,0.55469348988,0,0,0,1,1038
174,0.453,67.5,1,33.41005,-26.15014,-1.20444,7.25991,-59.56019,0.26070136586,0.12591176232,0.48502754021,0.49888466332,0.22904803646,0.54900159292,0,0,0,1,1044
175,0.454,67,1,33.6621,-26.26992,-1.20962,7.39218,-59.93202,0.25451798238,0.12388591716,0.48915211138,0.49813995336,0.22767578128,0.54330969596,0,0,0,1,1050
176,0.455,66.5,1,33.91415,-26.3897,-1.2148,7.52445,-60.30385,0.2483345989,0.121860072,0.49327668255,0.4973952434,0.2263035261,0.537617799,0,0,0,1,1056
177,0.456,66,1,34.1662,-26.50948,-1.21998,7.65672,-60.67568,0.24215121542,0.11983422684,0.49740125372,0.49665053344,0.22493127092,0.53192590204,0,0,0,1,1062
178,0.457,65.5,1,34.41825,-26.62926,-1.22516,7.78899,-61.04751,0.23596783194,0.11780838168,0.50152582489,0.49590582348,0.22355901574,0.52623400508,0,0,0,1,1068
179,0.458,65,1,34.6703,-26.74904,-1.23034,7.92126,-61.41934,0.22978444846,0.11578253652,0.50565039606,0.49516111352,0.22218676056,0.52054210812,0,0,0,1,1074
180,0.459,64.5,1,34.92235,-26.86882,-1.23552,8.05353,-61.79117,0.22360106498,0.11375669136,0.50977496723,0.49441640356,0.22081450538,0.51485021116,0,0,0,1,1080
181,0.46,64,1,35.1744,-26.9886,-1.2407,8.1858,-62.163,0.2174176815,0.1117308462,0.5138995384,0.4936716936,0.2194422502,0.5091583142,0,0,0,1,1086
182,0.46,62.4,1,35.15436,-26.95646,-1.26888,8.1979,-62.11081,0.21799568837,0.11259897365,0.51645821112,0.49603843099,0.21610236883,0.52296506747,0,0,0,1,1092
183,0.46,60.8,1,35.13432,-26.92432,-1.29706,8.21,-62.05862,0.21857369524,0.1134671011,0.51901688384,0.49840516838,0.21276248746,0.53677182074,0,0,0,1,1098
184,0.46,59.2,1,35.11428,-26.89218,-1.32524,8.2221,-62.00643,0.21915170211,0.11433522855,0.52157555656,0.50077190577,0.20942260609,0.55057857401,0,0,0,1,1104
185,0.46,57.6,1,35.09424,-26.86004,-1.35342,8.2342,-61.95424,0.21972970898,0.115203356,0.52413422928,0.50313864316,0.20608272472,0.56438532728,0,0,0,1,1110
186,0.46,56,1,35.0742,-26.8279,-1.3816,8.2463,-61.90205,0.22030771585,0.11607148345,0.526692902,0.50550538055,0.20274284335,0.57819208055,0,0,0,1,1116
187,0.46,54.4,1,35.05416,-26.79576,-1.40978,8.2584,-61.84986,0.22088572272,0.1169396109,0.52925157472,0.50787211794,0.19940296198,0.59199883382,0,0,0,1,1122
188,0.46,52.8,1,35.03412,-26.76362,-1.43796,8.2705,-61.79767,0.22146372959,0.11780773835,0.53181024744,0.51023885533,0.19606308061,0.60580558709,0,0,0,1,1128
189,0.46,51.2,1,35.01408,-26.73148,-1.46614,8.2826,-61.74548,0.22204173646,0.1186758658,0.53436892016,0.51260559272,0.19272319924,0.61961234036,0,0,0,1,1134
190,0.46,49.6,1,34.99404,-26.69934,-1.49432,8.2947,-61.69329,0.22261974333,0.11954399325,0.53692759288,0.51497233011,0.18938331787,0.63341909363,0,0,0,1,1140
191,0.46,48,1,34.974,-26.6672,-1.5225,8.3068,-61.6411,0.2231977502,0.1204121207,0.5394862656,0.5173390675,0.1860434365,0.6472258469,0,0,0,1,1146
192,0.459,47,1,34.72185,-26.65131,-1.54348,8.07054,-61.37307,0.2126955149,0.11563584352,0.54701350513,0.51826290629,0.18632443495,0.62097190555,0,0,0,1,1152
193,0.458,46,1,34.4697,-26.63542,-1.56446,7.83428,-61.10504,0.2021932796,0.11085956634,0.55454074466,0.51918674508,0.1866054334,0.5947179642,0,0,0,1,1158
194,0.457,45,1,34.21755,-26.61953,-1.58544,7.59802,-60.83701,0.1916910443,0.10608328916,0.56206798419,0.52011058387,0.18688643185,0.56846402285,0,0,0,1,1164
195,0.456,44,1,33.9654,-26.60364,-1.60642,7.36176,-60.56898,0.181188809,0.10130701198,0.56959522372,0.52103442266,0.1871674303,0.5422100815,0,0,0,1,1170
196,0.455,43,1,33.71325,-26.58775,-1.6274,7.1255,-60.30095,0.1706865737,0.0965307348,0.57712246325,0.52195826145,0.18744842875,0.51595614015,0,0,0,1,1176
197,0.454,42,1,33.4611,-26.57186,-1.64838,6.88924,-60.03292,0.1601843384,0.09175445762,0.58464970278,0.52288210024,0.1877294272,0.4897021988,0,0,0,1,1182
198,0.453,41,1,33.20895,-26.55597,-1.66936,6.65298,-59.76489,0.1496821031,0.08697818044,0.59217694231,0.52380593903,0.18801042565,0.46344825745,0,0,0,1,1188
199,0.452,40,1,32.9568,-26.54008,-1.69034,6.41672,-59.49686,0.1391798678,0.08220190326,0.59970418184,0.52472977782,0.1882914241,0.4371943161,0,0,0,1,1194
200,0.451,39,1,32.70465,-26.52419,-1.71132,6.18046,-59.22883,0.1286776325,0.07742562608,0.60723142137,0.52565361661,0.18857242255,0.41094037475,0,0,0,1,1200
201,0.45,38,1,32.4525,-26.5083,-1.7323,5.9442,-58.9608,0.1181753972,0.0726493489,0.6147586609,0.5265774554,0.188853421,0.3846864334,0,0,0,1,1206
202,0.453,38,1,32.27262,-26.54984,-1.77294,5.72278,-58.82247,0.11272603904,0.06956283688,0.61889686102,0.52285391242,0.18615070949,0.37203820808,0,0,0,1,1212
203,0.456,38,1,32.09274,-26.59138,-1.81358,5.50136,-58.68414,0.10727668088,0.06647632486,0.62303506114,0.51913036944,0.18344799798,0.35938998276,0,0,0,1,1218
204,0.459,38,1,31.91286,-26.63292,-1.85422,5.27994,-58.54581,0.10182732272,0.06338981284,0.62717326126,0.51540682646,0.18074528647,0.34674175744,0,0,0,1,1224
205,0.462,38,1,31.73298,-26.67446,-1.89486,5.05852,-58.40748,0.09637796456,0.06030330082,0.63131146138,0.51168328348,0.17804257496,0.33409353212,0,0,0,1,1230
206,0.465,38,1,31.5531,-26.716,-1.9355,4.8371,-58.26915,0.0909286064,0.0572167888,0.6354496615,0.5079597405,0.17533986345,0.3214453068,0,0,0,1,1236
207,0.468,38,1,31.37322,-26.75754,-1.97614,4.61568,-58.13082,0.08547924824,0.05413027678,0.63958786162,0.50423619752,0.17263715194,0.30879708148,0,0,0,1,1242
208,0.471,38,1,31.19334,-26.79908,-2.01678,4.39426,-57.99249,0.08002989008,0.05104376476,0.64372606174,0.50051265454,0.16993444043,0.29614885616,0,0,0,1,1248
209,0.474,38,1,31.01346,-26.84062,-2.05742,4.17284,-57.85416,0.07458053192,0.04795725274,0.64786426186,0.49678911156,0.16723172892,0.28350063084,0,0,0,1,1254
210,0.477,38,1,30.83358,-26.88216,-2.09806,3.95142,-57.71583,0.06913117376,0.04487074072,0.65200246198,0.49306556858,0.16452901741,0.27085240552,0,0,0,1,1260
211,0.48,38,1,30.6537,-26.9237,-2.1387,3.73,-57.5775,0.0636818156,0.0417842287,0.6561406621,0.4893420256,0.1618263059,0.2582041802,0,0,0,1,1266
212,0.481,37.7,1,30.63229,-27.0544,-2.19619,3.57789,-57.68678,0.06400932662,0.04230740726,0.66074489476,0.49096069237,0.16321690738,0.25913809746,0,0,0,1,1272
213,0.482,37.4,1,30.61088,-27.1851,-2.25368,3.42578,-57.79606,0.06433683764,0.04283058582,0.66534912742,0.49257935914,0.16460750886,0.26007201472,0,0,0,1,1278
214,0.483,37.1,1,30.58947,-27.3158,-2.31117,3.27367,-57.90534,0.06466434866,0.04335376438,0.66995336008,0.49419802591,0.16599811034,0.26100593198,0,0,0,1,1284
215,0.484,36.8,1,30.56806,-27.4465,-2.36866,3.12156,-58.01462,0.06499185968,0.04387694294,0.67455759274,0.49581669268,0.16738871182,0.26193984924,0,0,0,1,1290
216,0.485,36.5,1,30.54665,-27.5772,-2.42615,2.96945,-58.1239,0.0653193707,0.0444001215,0.6791618254,0.49743535945,0.1687793133,0.2628737665,0,0,0,1,1296
217,0.486,36.2,1,30.52524,-27.7079,-2.48364,2.81734,-58.23318,0.06564688172,0.04492330006,0.68376605806,0.49905402622,0.17016991478,0.26380768376,0,0,0,1,1302
218,0.487,35.9,1,30.50383,-27.8386,-2.54113,2.66523,-58.34246,0.06597439274,0.04544647862,0.68837029072,0.50067269299,0.17156051626,0.26474160102,0,0,0,1,1308
219,0.488,35.6,1,30.48242,-27.9693,-2.59862,2.51312,-58.45174,0.06630190376,0.04596965718,0.69297452338,0.50229135976,0.17295111774,0.26567551828,0,0,0,1,1314
220,0.489,35.3,1,30.46101,-28.1,-2.65611,2.36101,-58.56102,0.06662941478,0.04649283574,0.69757875604,0.50391002653,0.17434171922,0.26660943554,0,0,0,1,1320
221,0.49,35,1,30.4396,-28.2307,-2.7136,2.2089,-58.6703,0.0669569258,0.0470160143,0.7021829887,0.5055286933,0.1757323207,0.2675433528,0,0,0,1,1326
222,0.485,35,1,30.30509,-28.31333,-2.73559,1.99176,-58.61842,0.0700983362,0.04946091459,0.70461312845,0.49697953648,0.1721351513,0.29192288757,0,0,0,1,1332
223,0.48,35,1,30.17058,-28.39596,-2.75758,1.77462,-58.56654,0.0732397466,0.05190581488,0.7070432682,0.48843037966,0.1685379819,0.31630242234,0,0,0,1,1338
224,0.475,35,1,30.03607,-28.47859,-2.77957,1.55748,-58.51466,0.076381157,0.05435071517,0.70947340795,0.47988122284,0.1649408125,0.34068195711,0,0,0,1,1344
225,0.47,35,1,29.90156,-28.56122,-2.80156,1.34034,-58.46278,0.0795225674,0.05679561546,0.7119035477,0.47133206602,0.1613436431,0.36506149188,0,0,0,1,1350
226,0.465,35,1,29.76705,-28.64385,-2.82355,1.1232,-58.4109,0.0826639778,0.05924051575,0.71433368745,0.4627829092,0.1577464737,0.38944102665,0,0,0,1,1356
227,0.46,35,1,29.63254,-28.72648,-2.84554,0.90606,-58.35902,0.0858053882,0.06168541604,0.7167638272,0.45423375238,0.1541493043,0.41382056142,0,0,0,1,1362
228,0.455,35,1,29.49803,-28.80911,-2.86753,0.68892,-58.30714,0.0889467986,0.06413031633,0.71919396695,0.44568459556,0.1505521349,0.43820009619,0,0,0,1,1368
229,0.45,35,1,29.36352,-28.89174,-2.88952,0.47178,-58.25526,0.092088209,0.06657521662,0.7216241067,0.43713543874,0.1469549655,0.46257963096,0,0,0,1,1374
230,0.445,35,1,29.22901,-28.97437,-2.91151,0.25464,-58.20338,0.0952296194,0.06902011691,0.72405424645,0.42858628192,0.1433577961,0.48695916573,0,0,0,1,1380
231,0.44,35,1,29.0945,-29.057,-2.9335,0.0375000000000001,-58.1515,0.0983710298,0.0714650172,0.7264843862,0.4200371251,0.1397606267,0.5113387005,0,0,0,1,1386
232,0.438,34.6,1,28.96238,-29.09344,-2.95059,-0.13107,-58.05582,0.0939688399,0.06847030812,0.73022709821,0.41875123078,0.13858226602,0.49264653477,0,0,0,1,1392
233,0.436,34.2,1,28.83026,-29.12988,-2.96768,-0.29964,-57.96014,0.08956665,0.06547559904,0.73396981022,0.41746533646,0.13740390534,0.47395436904,0,0,0,1,1398
234,0.434,33.8,1,28.69814,-29.16632,-2.98477,-0.46821,-57.86446,0.0851644601,0.06248088996,0.73771252223,0.41617944214,0.13622554466,0.45526220331,0,0,0,1,1404
235,0.432,33.4,1,28.56602,-29.20276,-3.00186,-0.63678,-57.76878,0.0807622702,0.05948618088,0.74145523424,0.41489354782,0.13504718398,0.43657003758,0,0,0,1,1410
236,0.43,33,1,28.4339,-29.2392,-3.01895,-0.80535,-57.6731,0.0763600803,0.0564914718,0.74519794625,0.4136076535,0.1338688233,0.41787787185,0,0,0,1,1416
237,0.428,32.6,1,28.30178,-29.27564,-3.03604,-0.97392,-57.57742,0.0719578904,0.05349676272,0.74894065826,0.41232175918,0.13269046262,0.39918570612,0,0,0,1,1422
238,0.426,32.2,1,28.16966,-29.31208,-3.05313,-1.14249,-57.48174,0.0675557005,0.05050205364,0.75268337027,0.41103586486,0.13151210194,0.38049354039,0,0,0,1,1428
239,0.424,31.8,1,28.03754,-29.34852,-3.07022,-1.31106,-57.38606,0.0631535106,0.04750734456,0.75642608228,0.40974997054,0.13033374126,0.36180137466,0,0,0,1,1434
240,0.422,31.4,1,27.90542,-29.38496,-3.08731,-1.47963,-57.29038,0.0587513207,0.04451263548,0.76016879429,0.40846407622,0.12915538058,0.34310920893,0,0,0,1,1440
241,0.42,31,1,27.7733,-29.4214,-3.1044,-1.6482,-57.1947,0.0543491308,0.0415179264,0.7639115063,0.4071781819,0.1279770199,0.3244170432,0,0,0,1,1446
242,0.42,30.85,1,27.594555,-29.371475,-3.10933,-1.777015,-56.96603,0.052474007945,0.04014968313,0.7677214368,0.40144076195,0.12685102747,0.31490652703,0,0,0,1,1452
243,0.42,30.7,1,27.41581,-29.32155,-3.11426,-1.90583,-56.73736,0.05059888509,0.03878143986,0.7715313673,0.395703342,0.12572503504,0.30539601086,0,0,0,1,1458
244,0.42,30.55,1,27.237065,-29.271625,-3.11919,-2.034645,-56.50869,0.048723762235,0.03741319659,0.7753412978,0.38996592205,0.12459904261,0.29588549469,0,0,0,1,1464
245,0.42,30.4,1,27.05832,-29.2217,-3.12412,-2.16346,-56.28002,0.04684863938,0.03604495332,0.7791512283,0.3842285021,0.12347305018,0.28637497852,0,0,0,1,1470
246,0.42,30.25,1,26.879575,-29.171775,-3.12905,-2.292275,-56.05135,0.044973516525,0.03467671005,0.7829611588,0.37849108215,0.12234705775,0.27686446235,0,0,0,1,1476
247,0.42,30.1,1,26.70083,-29.12185,-3.13398,-2.42109,-55.82268,0.04309839367,0.03330846678,0.7867710893,0.3727536622,0.12122106532,0.26735394618,0,0,0,1,1482
248,0.42,29.95,1,26.522085,-29.071925,-3.13891,-2.549905,-55.59401,0.041223270815,0.03194022351,0.7905810198,0.36701624225,0.12009507289,0.25784343001,0,0,0,1,1488
249,0.42,29.8,1,26.34334,-29.022,-3.14384,-2.67872,-55.36534,0.03934814796,0.03057198024,0.7943909503,0.3612788223,0.11896908046,0.24833291384,0,0,0,1,1494
250,0.42,29.65,1,26.164595,-28.972075,-3.14877,-2.807535,-55.13667,0.037473025105,0.02920373697,0.7982008808,0.35554140235,0.11784308803,0.23882239767,0,0,0,1,1500
251,0.42,29.5,1,25.98585,-28.92215,-3.1537,-2.93635,-54.908,0.03559790225,0.0278354937,0.8020108113,0.3498039824,0.1167170956,0.2293118815,0,0,0,1,1506
252,0.42,29.35,1,25.807105,-28.872225,-3.15863,-3.065165,-54.67933,0.033722779395,0.02646725043,0.8058207418,0.34406656245,0.11559110317,0.21980136533,0,0,0,1,1512
253,0.42,29.2,1,25.62836,-28.8223,-3.16356,-3.19398,-54.45066,0.03184765654,0.02509900716,0.8096306723,0.3383291425,0.11446511074,0.21029084916,0,0,0,1,1518
254,0.42,29.05,1,25.449615,-28.772375,-3.16849,-3.322795,-54.22199,0.029972533685,0.02373076389,0.8134406028,0.33259172255,0.11333911831,0.20078033299,0,0,0,1,1524
255,0.42,28.9,1,25.27087,-28.72245,-3.17342,-3.45161,-53.99332,0.02809741083,0.02236252062,0.8172505333,0.3268543026,0.11221312588,0.19126981682,0,0,0,1,1530
256,0.42,28.75,1,25.092125,-28.672525,-3.17835,-3.580425,-53.76465,0.026222287975,0.02099427735,0.8210604638,0.32111688265,0.11108713345,0.18175930065,0,0,0,1,1536
257,0.42,28.6,1,24.91338,-28.6226,-3.18328,-3.70924,-53.53598,0.02434716512,0.01962603408,0.8248703943,0.3153794627,0.10996114102,0.17224878448,1,0,0,1,1542
258,0.42,28.45,1,24.734635,-28.572675,-3.18821,-3.838055,-53.30731,0.022472042265,0.01825779081,0.8286803248,0.30964204275,0.10883514859,0.16273826831,1,0,0.00440528634361234,1,1548
259,0.42,28.3,1,24.55589,-28.52275,-3.19314,-3.96687,-53.07864,0.02059691941,0.01688954754,0.8324902553,0.3039046228,0.10770915616,0.15322775214,1,0,0.00881057268722467,1,1554
260,0.42,28.15,1,24.377145,-28.472825,-3.19807,-4.095685,-52.84997,0.018721796555,0.01552130427,0.8363001858,0.29816720285,0.10658316373,0.14371723597,1,0,0.013215859030837,1,1560
261,0.42,28,1,24.1984,-28.4229,-3.203,-4.2245,-52.6213,0.0168466737,0.014153061,0.8401101163,0.2924297829,0.1054571713,0.1342067198,1,0,0.0176211453744493,1,1566
262,0.428,28,1,24.12808,-28.50074,-3.22091,-4.37265,-52.62882,0.0197206249,0.01652854906,0.83925574733,0.29761447748,0.10412241695,0.16194129128,1,0,0.0220264317180617,1,1572
263,0.436,28,1,24.05776,-28.57858,-3.23882,-4.5208,-52.63634,0.0225945761,0.01890403712,0.83840137836,0.30279917206,0.1027876626,0.18967586276,1,0,0.026431718061674,1,1578
264,0.444,28,1,23.98744,-28.65642,-3.25673,-4.66895,-52.64386,0.0254685273,0.02127952518,0.83754700939,0.30798386664,0.10145290825,0.21741043424,1,0,0.0308370044052863,1,1584
265,0.452,28,1,23.91712,-28.73426,-3.27464,-4.8171,-52.65138,0.0283424785,0.02365501324,0.83669264042,0.31316856122,0.1001181539,0.24514500572,1,0,0.0352422907488987,1,1590
266,0.46,28,1,23.8468,-28.8121,-3.29255,-4.96525,-52.6589,0.0312164297,0.0260305013,0.83583827145,0.3183532558,0.09878339955,0.2728795772,1,0,0.039647577092511,1,1596
267,0.468,28,1,23.77648,-28.88994,-3.31046,-5.1134,-52.66642,0.0340903809,0.02840598936,0.83498390248,0.32353795038,0.0974486452,0.30061414868,1,0,0.0440528634361234,1,1602
268,0.476,28,1,23.70616,-28.96778,-3.32837,-5.26155,-52.67394,0.0369643321,0.03078147742,0.83412953351,0.32872264496,0.09611389085,0.32834872016,1,0,0.0484581497797357,1,1608
269,0.484,28,1,23.63584,-29.04562,-3.34628,-5.4097,-52.68146,0.0398382833,0.03315696548,0.83327516454,0.33390733954,0.0947791365,0.35608329164,1,0,0.052863436123348,1,1614
270,0.492,28,1,23.56552,-29.12346,-3.36419,-5.55785,-52.68898,0.0427122345,0.03553245354,0.83242079557,0.33909203412,0.09344438215,0.38381786312,1,0,0.0572687224669604,1,1620
271,0.5,28,1,23.4952,-29.2013,-3.3821,-5.706,-52.6965,0.0455861857,0.0379079416,0.8315664266,0.3442767287,0.0921096278,0.4115524346,1,0,0.0616740088105727,1,1626
272,0.502,28.1,1,23.56032,-29.37548,-3.42627,-5.81507,-52.9358,0.04239626014,0.03533170786,0.83714848703,0.33335254567,0.09205918708,0.38365582877,1,0,0.066079295154185,1,1632
273,0.504,28.2,1,23.62544,-29.54966,-3.47044,-5.92414,-53.1751,0.03920633458,0.03275547412,0.84273054746,0.32242836264,0.09200874636,0.35575922294,1,0,0.0704845814977974,1,1638
274,0.506,28.3,1,23.69056,-29.72384,-3.51461,-6.03321,-53.4144,0.03601640902,0.03017924038,0.84831260789,0.31150417961,0.09195830564,0.32786261711,1,0,0.0748898678414097,1,1644
275,0.508,28.4,1,23.75568,-29.89802,-3.55878,-6.14228,-53.6537,0.03282648346,0.02760300664,0.85389466832,0.30057999658,0.09190786492,0.29996601128,1,0,0.079295154185022,1,1650
276,0.51,28.5,1,23.8208,-30.0722,-3.60295,-6.25135,-53.893,0.0296365579,0.0250267729,0.85947672875,0.28965581355,0.0918574242,0.27206940545,1,0,0.0837004405286344,1,1656
277,0.512,28.6,1,23.88592,-30.24638,-3.64712,-6.36042,-54.1323,0.02644663234,0.02245053916,0.86505878918,0.27873163052,0.09180698348,0.24417279962,1,0,0.0881057268722467,1,1662
278,0.514,28.7,1,23.95104,-30.42056,-3.69129,-6.46949,-54.3716,0.02325670678,0.01987430542,0.87064084961,0.26780744749,0.09175654276,0.21627619379,1,0,0.092511013215859,1,1668
279,0.516,28.8,1,24.01616,-30.59474,-3.73546,-6.57856,-54.6109,0.02006678122,0.01729807168,0.87622291004,0.25688326446,0.09170610204,0.18837958796,1,0,0.0969162995594714,1,1674
280,0.518,28.9,1,24.08128,-30.76892,-3.77963,-6.68763,-54.8502,0.01687685566,0.01472183794,0.88180497047,0.24595908143,0.09165566132,0.16048298213,1,0,0.101321585903084,1,1680
281,0.52,29,1,24.1464,-30.9431,-3.8238,-6.7967,-55.0895,0.0136869301,0.0121456042,0.8873870309,0.2350348984,0.0916052206,0.1325863763,1,0,0.105726872246696,1,1686
282,0.523,28.9,1,24.10434,-31.01451,-3.83277,-6.91017,-55.11885,0.0131854881,0.01172407218,0.89008995038,0.23515894115,0.08946471097,0.1306244195,1,0,0.110132158590308,1,1692
283,0.526,28.8,1,24.06228,-31.08592,-3.84174,-7.02364,-55.1482,0.0126840461,0.01130254016,0.89279286986,0.2352829839,0.08732420134,0.1286624627,1,0,0.114537444933921,1,1698
284,0.529,28.7,1,24.02022,-31.15733,-3.85071,-7.13711,-55.17755,0.0121826041,0.01088100814,0.89549578934,0.23540702665,0.08518369171,0.1267005059,1,0,0.118942731277533,1,1704
285,0.532,28.6,1,23.97816,-31.22874,-3.85968,-7.25058,-55.2069,0.0116811621,0.01045947612,0.89819870882,0.2355310694,0.08304318208,0.1247385491,1,0,0.123348017621145,1,1710
286,0.535,28.5,1,23.9361,-31.30015,-3.86865,-7.36405,-55.23625,0.0111797201,0.0100379441,0.9009016283,0.23565511215,0.08090267245,0.1227765923,1,0,0.127753303964758,1,1716
287,0.538,28.4,1,23.89404,-31.37156,-3.87762,-7.47752,-55.2656,0.0106782781,0.00961641208,0.90360454778,0.2357791549,0.07876216282,0.1208146355,1,0,0.13215859030837,1,1722
288,0.541,28.3,1,23.85198,-31.44297,-3.88659,-7.59099,-55.29495,0.0101768361,0.00919488006,0.90630746726,0.23590319765,0.07662165319,0.1188526787,1,0,0.136563876651982,1,1728
289,0.544,28.2,1,23.80992,-31.51438,-3.89556,-7.70446,-55.3243,0.0096753941,0.00877334804,0.90901038674,0.2360272404,0.07448114356,0.1168907219,1,0,0.140969162995595,1,1734
290,0.547,28.1,1,23.76786,-31.58579,-3.90453,-7.81793,-55.35365,0.0091739521,0.00835181602,0.91171330622,0.23615128315,0.07234063393,0.1149287651,1,0,0.145374449339207,1,1740
291,0.55,28,1,23.7258,-31.6572,-3.9135,-7.9314,-55.383,0.0086725101,0.007930284,0.9144162257,0.2362753259,0.0702001243,0.1129668083,1,0,0.149779735682819,1,1746
292,0.549,27.9,1,23.60126,-31.51952,-3.90227,-7.91826,-55.12078,0.0082655131,0.00755334152,0.91337814172,0.24137230555,0.07146007264,0.1066953435,1,0,0.154185022026432,1,1752
293,0.548,27.8,1,23.47672,-31.38184,-3.89104,-7.90512,-54.85856,0.0078585161,0.00717639904,0.91234005774,0.2464692852,0.07272002098,0.1004238787,1,0,0.158590308370044,1,1758
294,0.547,27.7,1,23.35218,-31.24416,-3.87981,-7.89198,-54.59634,0.0074515191,0.00679945656,0.91130197376,0.25156626485,0.07397996932,0.0941524139,1,0,0.162995594713656,1,1764
295,0.546,27.6,1,23.22764,-31.10648,-3.86858,-7.87884,-54.33412,0.0070445221,0.00642251408,0.91026388978,0.2566632445,0.07523991766,0.0878809491,1,0,0.167400881057269,1,1770
296,0.545,27.5,1,23.1031,-30.9688,-3.85735,-7.8657,-54.0719,0.0066375251,0.0060455716,0.9092258058,0.26176022415,0.076499866,0.0816094843,1,0,0.171806167400881,1,1776
297,0.544,27.4,1,22.97856,-30.83112,-3.84612,-7.85256,-53.80968,0.0062305281,0.00566862912,0.90818772182,0.2668572038,0.07775981434,0.0753380195,1,0,0.176211453744493,1,1782
298,0.543,27.3,1,22.85402,-30.69344,-3.83489,-7.83942,-53.54746,0.0058235311,0.00529168664,0.90714963784,0.27195418345,0.07901976268,0.0690665547,1,0,0.180616740088106,1,1788
299,0.542,27.2,1,22.72948,-30.55576,-3.82366,-7.82628,-53.28524,0.0054165341,0.00491474416,0.90611155386,0.2770511631,0.08027971102,0.0627950899,1,0,0.185022026431718,1,1794
300,0.541,27.1,1,22.60494,-30.41808,-3.81243,-7.81314,-53.02302,0.0050095371,0.00453780168,0.90507346988,0.28214814275,0.08153965936,0.0565236251,1,0,0.18942731277533,1,1800
301,0.54,27,1,22.4804,-30.2804,-3.8012,-7.8,-52.7608,0.0046025401,0.0041608592,0.9040353859,0.2872451224,0.0827996077,0.0502521603,1,0,0.193832599118943,1,1806
302,0.539,27.4,1,22.39958,-30.12458,-3.78301,-7.72499,-52.52416,0.00664399193,0.00601518523,0.90438640034,0.28205416791,0.08083985535,0.08114999942,1,0,0.198237885462555,1,1812
303,0.538,27.8,1,22.31876,-29.96876,-3.76482,-7.64998,-52.28752,0.00868544376,0.00786951126,0.90473741478,0.27686321342,0.078880103,0.11204783854,1,0,0.202643171806167,1,1818
304,0.537,28.2,1,22.23794,-29.81294,-3.74663,-7.57497,-52.05088,0.01072689559,0.00972383729,0.90508842922,0.27167225893,0.07692035065,0.14294567766,1,0,0.20704845814978,1,1824
305,0.536,28.6,1,22.15712,-29.65712,-3.72844,-7.49996,-51.81424,0.01276834742,0.01157816332,0.90543944366,0.26648130444,0.0749605983,0.17384351678,1,0,0.211453744493392,1,1830
306,0.535,29,1,22.0763,-29.5013,-3.71025,-7.42495,-51.5776,0.01480979925,0.01343248935,0.9057904581,0.26129034995,0.07300084595,0.2047413559,1,0,0.215859030837004,1,1836
307,0.534,29.4,1,21.99548,-29.34548,-3.69206,-7.34994,-51.34096,0.01685125108,0.01528681538,0.90614147254,0.25609939546,0.0710410936,0.23563919502,1,0,0.220264317180617,1,1842
308,0.533,29.8,1,21.91466,-29.18966,-3.67387,-7.27493,-51.10432,0.01889270291,0.01714114141,0.90649248698,0.25090844097,0.06908134125,0.26653703414,1,0,0.224669603524229,1,1848
309,0.532,30.2,1,21.83384,-29.03384,-3.65568,-7.19992,-50.86768,0.02093415474,0.01899546744,0.90684350142,0.24571748648,0.0671215889,0.29743487326,1,0,0.229074889867841,1,1854
310,0.531,30.6,1,21.75302,-28.87802,-3.63749,-7.12491,-50.63104,0.02297560657,0.02084979347,0.90719451586,0.24052653199,0.06516183655,0.32833271238,1,0,0.233480176211454,1,1860
311,0.53,31,1,21.6722,-28.7222,-3.6193,-7.0499,-50.3944,0.0250170584,0.0227041195,0.9075455303,0.2353355775,0.0632020842,0.3592305515,1,0,0.237885462555066,1,1866
312,0.5305,30.7,1,21.68857,-28.58518,-3.62207,-6.89652,-50.27374,0.02405129134,0.02184888071,0.90892831855,0.23775048598,0.06252972547,0.34836434513,1,0,0.242290748898678,1,1872
313,0.531,30.4,1,21.70494,-28.44816,-3.62484,-6.74314,-50.15308,0.02308552428,0.02099364192,0.9103111068,0.24016539446,0.06185736674,0.33749813876,1,0,0.246696035242291,1,1878
314,0.5315,30.1,1,21.72131,-28.31114,-3.62761,-6.58976,-50.03242,0.02211975722,0.02013840313,0.91169389505,0.24258030294,0.06118500801,0.32663193239,1,0,0.251101321585903,1,1884
315,0.532,29.8,1,21.73768,-28.17412,-3.63038,-6.43638,-49.91176,0.02115399016,0.01928316434,0.9130766833,0.24499521142,0.06051264928,0.31576572602,1,0,0.255506607929515,1,1890
316,0.5325,29.5,1,21.75405,-28.0371,-3.63315,-6.283,-49.7911,0.0201882231,0.01842792555,0.91445947155,0.2474101199,0.05984029055,0.30489951965,1,0,0.259911894273128,1,1896
317,0.533,29.2,1,21.77042,-27.90008,-3.63592,-6.12962,-49.67044,0.01922245604,0.01757268676,0.9158422598,0.24982502838,0.05916793182,0.29403331328,1,0,0.26431718061674,1,1902
318,0.5335,28.9,1,21.78679,-27.76306,-3.63869,-5.97624,-49.54978,0.01825668898,0.01671744797,0.91722504805,0.25223993686,0.05849557309,0.28316710691,1,0,0.268722466960352,1,1908
319,0.534,28.6,1,21.80316,-27.62604,-3.64146,-5.82286,-49.42912,0.01729092192,0.01586220918,0.9186078363,0.25465484534,0.05782321436,0.27230090054,1,0,0.273127753303965,1,1914
320,0.5345,28.3,1,21.81953,-27.48902,-3.64423,-5.66948,-49.30846,0.01632515486,0.01500697039,0.91999062455,0.25706975382,0.05715085563,0.26143469417,1,0,0.277533039647577,1,1920
321,0.535,28,1,21.8359,-27.352,-3.647,-5.5161,-49.1878,0.0153593878,0.0141517316,0.9213734128,0.2594846623,0.0564784969,0.2505684878,1,0,0.281938325991189,1,1926
322,0.5355,27.7,1,21.86876,-27.31662,-3.63756,-5.44785,-49.18529,0.01451705043,0.01338014893,0.92202574509,0.25646181933,0.05686109059,0.2361839967,1,0,0.286343612334802,1,1932
323,0.536,27.4,1,21.90162,-27.28124,-3.62812,-5.3796,-49.18278,0.01367471306,0.01260856626,0.92267807738,0.25343897636,0.05724368428,0.2217995056,1,0,0.290748898678414,1,1938
324,0.5365,27.1,1,21.93448,-27.24586,-3.61868,-5.31135,-49.18027,0.01283237569,0.01183698359,0.92333040967,0.25041613339,0.05762627797,0.2074150145,1,0,0.295154185022026,1,1944
325,0.537,26.8,1,21.96734,-27.21048,-3.60924,-5.2431,-49.17776,0.01199003832,0.01106540092,0.92398274196,0.24739329042,0.05800887166,0.1930305234,1,0,0.299559471365639,1,1950
326,0.5375,26.5,1,22.0002,-27.1751,-3.5998,-5.17485,-49.17525,0.01114770095,0.01029381825,0.92463507425,0.24437044745,0.05839146535,0.1786460323,1,0,0.303964757709251,1,1956
327,0.538,26.2,1,22.03306,-27.13972,-3.59036,-5.1066,-49.17274,0.01030536358,0.00952223558,0.92528740654,0.24134760448,0.05877405904,0.1642615412,1,0,0.308370044052863,1,1962
328,0.5385,25.9,1,22.06592,-27.10434,-3.58092,-5.03835,-49.17023,0.00946302621,0.00875065291,0.92593973883,0.23832476151,0.05915665273,0.1498770501,1,0,0.312775330396476,1,1968
329,0.539,25.6,1,22.09878,-27.06896,-3.57148,-4.9701,-49.16772,0.00862068884,0.00797907024,0.92659207112,0.23530191854,0.05953924642,0.135492559,1,0,0.317180616740088,1,1974
330,0.5395,25.3,1,22.13164,-27.03358,-3.56204,-4.90185,-49.16521,0.00777835147,0.00720748757,0.92724440341,0.23227907557,0.05992184011,0.1211080679,1,0,0.3215859030837,1,1980
331,0.54,25,1,22.1645,-26.9982,-3.5526,-4.8336,-49.1627,0.0069360141,0.0064359049,0.9278967357,0.2292562326,0.0603044338,0.1067235768,1,0,0.325991189427313,1,1986
332,0.54,25.3,1,22.1768,-26.95323,-3.56858,-4.77634,-49.13004,0.00651990266,0.00605644587,0.93029301146,0.22856757207,0.05851677903,0.10227664036,1,0,0.330396475770925,1,1992
333,0.54,25.6,1,22.1891,-26.90826,-3.58456,-4.71908,-49.09738,0.00610379122,0.00567698684,0.93268928722,0.22787891154,0.05672912426,0.09782970392,1,0,0.334801762114537,1,1998
334,0.54,25.9,1,22.2014,-26.86329,-3.60054,-4.66182,-49.06472,0.00568767978,0.00529752781,0.93508556298,0.22719025101,0.05494146949,0.09338276748,1,0,0.33920704845815,1,2004
335,0.54,26.2,1,22.2137,-26.81832,-3.61652,-4.60456,-49.03206,0.00527156834,0.00491806878,0.93748183874,0.22650159048,0.05315381472,0.08893583104,1,0,0.343612334801762,1,2010
336,0.54,26.5,1,22.226,-26.77335,-3.6325,-4.5473,-48.9994,0.0048554569,0.00453860975,0.9398781145,0.22581292995,0.05136615995,0.0844888946,1,0,0.348017621145374,1,2016
337,0.54,26.8,1,22.2383,-26.72838,-3.64848,-4.49004,-48.96674,0.00443934546,0.00415915072,0.94227439026,0.22512426942,0.04957850518,0.08004195816,1,0,0.352422907488987,1,2022
338,0.54,27.1,1,22.2506,-26.68341,-3.66446,-4.43278,-48.93408,0.00402323402,0.00377969169,0.94467066602,0.22443560889,0.04779085041,0.07559502172,1,0,0.356828193832599,1,2028
339,0.54,27.4,1,22.2629,-26.63844,-3.68044,-4.37552,-48.90142,0.00360712258,0.00340023266,0.94706694178,0.22374694836,0.04600319564,0.07114808528,1,0,0.361233480176211,1,2034
340,0.54,27.7,1,22.2752,-26.59347,-3.69642,-4.31826,-48.86876,0.00319101114,0.00302077363,0.94946321754,0.22305828783,0.04421554087,0.06670114884,1,0,0.365638766519824,1,2040
341,0.54,28,1,22.2875,-26.5485,-3.7124,-4.261,-48.8361,0.0027748997,0.0026413146,0.9518594933,0.2223696273,0.0424278861,0.0622542124,1,0,0.370044052863436,1,2046
342,0.539,28,1,22.26476,-26.50531,-3.71387,-4.24055,-48.77015,0.00300016732,0.00284719388,0.95016009578,0.22176197012,0.04353508644,0.06481405673,1,0,0.374449339207048,1,2052
343,0.538,28,1,22.24202,-26.46212,-3.71534,-4.2201,-48.7042,0.00322543494,0.00305307316,0.94846069826,0.22115431294,0.04464228678,0.06737390106,1,0,0.378854625550661,1,2058
344,0.537,28,1,22.21928,-26.41893,-3.71681,-4.19965,-48.63825,0.00345070256,0.00325895244,0.94676130074,0.22054665576,0.04574948712,0.06993374539,1,0,0.383259911894273,1,2064
345,0.536,28,1,22.19654,-26.37574,-3.71828,-4.1792,-48.5723,0.00367597018,0.00346483172,0.94506190322,0.21993899858,0.04685668746,0.07249358972,1,0,0.387665198237885,1,2070
346,0.535,28,1,22.1738,-26.33255,-3.71975,-4.15875,-48.50635,0.0039012378,0.003670711,0.9433625057,0.2193313414,0.0479638878,0.07505343405,1,0,0.392070484581498,1,2076
347,0.534,28,1,22.15106,-26.28936,-3.72122,-4.1383,-48.4404,0.00412650542,0.00387659028,0.94166310818,0.21872368422,0.04907108814,0.07761327838,1,0,0.39647577092511,1,2082
348,0.533,28,1,22.12832,-26.24617,-3.72269,-4.11785,-48.37445,0.00435177304,0.00408246956,0.93996371066,0.21811602704,0.05017828848,0.08017312271,1,0,0.400881057268723,1,2088
349,0.532,28,1,22.10558,-26.20298,-3.72416,-4.0974,-48.3085,0.00457704066,0.00428834884,0.93826431314,0.21750836986,0.05128548882,0.08273296704,1,0,0.405286343612335,1,2094
350,0.531,28,1,22.08284,-26.15979,-3.72563,-4.07695,-48.24255,0.00480230828,0.00449422812,0.93656491562,0.21690071268,0.05239268916,0.08529281137,1,0,0.409691629955947,1,2100
351,0.53,28,1,22.0601,-26.1166,-3.7271,-4.0565,-48.1766,0.0050275759,0.0047001074,0.9348655181,0.2162930555,0.0534998895,0.0878526557,1,0,0.41409691629956,1,2106
352,0.5302,28,1,21.96263,-26.00009,-3.72075,-4.03746,-47.96263,0.00507491742,0.00475721754,0.93720186013,0.21710002624,0.05179988583,0.09350911642,1,0,0.418502202643172,1,2112
353,0.5304,28,1,21.86516,-25.88358,-3.7144,-4.01842,-47.74866,0.00512225894,0.00481432768,0.93953820216,0.21790699698,0.05009988216,0.09916557714,1,0,0.422907488986784,1,2118
354,0.5306,28,1,21.76769,-25.76707,-3.70805,-3.99938,-47.53469,0.00516960046,0.00487143782,0.94187454419,0.21871396772,0.04839987849,0.10482203786,1,0,0.427312775330397,1,2124
355,0.5308,28,1,21.67022,-25.65056,-3.7017,-3.98034,-47.32072,0.00521694198,0.00492854796,0.94421088622,0.21952093846,0.04669987482,0.11047849858,1,0,0.431718061674009,1,2130
356,0.531,28,1,21.57275,-25.53405,-3.69535,-3.9613,-47.10675,0.0052642835,0.0049856581,0.94654722825,0.2203279092,0.04499987115,0.1161349593,1,0,0.436123348017621,1,2136
357,0.5312,28,1,21.47528,-25.41754,-3.689,-3.94226,-46.89278,0.00531162502,0.00504276824,0.94888357028,0.22113487994,0.04329986748,0.12179142002,1,0,0.440528634361234,1,2142
358,0.5314,28,1,21.37781,-25.30103,-3.68265,-3.92322,-46.67881,0.00535896654,0.00509987838,0.95121991231,0.22194185068,0.04159986381,0.12744788074,1,0,0.444933920704846,1,2148
359,0.5316,28,1,21.28034,-25.18452,-3.6763,-3.90418,-46.46484,0.00540630806,0.00515698852,0.95355625434,0.22274882142,0.03989986014,0.13310434146,1,0,0.449339207048458,1,2154
360,0.5318,28,1,21.18287,-25.06801,-3.66995,-3.88514,-46.25087,0.00545364958,0.00521409866,0.95589259637,0.22355579216,0.03819985647,0.13876080218,1,0,0.453744493392071,1,2160
361,0.532,28,1,21.0854,-24.9515,-3.6636,-3.8661,-46.0369,0.0055009911,0.0052712088,0.9582289384,0.2243627629,0.0364998528,0.1444172629,1,0,0.458149779735683,1,2166
362,0.5327,27.9,1,20.97366,-24.83561,-3.65253,-3.86195,-45.80927,0.00785700173,0.00739758434,0.95371355365,0.22653545725,0.03838772523,0.17789111261,1,0,0.462555066079295,1,2172
363,0.5334,27.8,1,20.86192,-24.71972,-3.64146,-3.8578,-45.58164,0.01021301236,0.00952395988,0.9491981689,0.2287081516,0.04027559766,0.21136496232,1,0,0.466960352422908,1,2178
364,0.5341,27.7,1,20.75018,-24.60383,-3.63039,-3.85365,-45.35401,0.01256902299,0.01165033542,0.94468278415,0.23088084595,0.04216347009,0.24483881203,1,0,0.47136563876652,1,2184
365,0.5348,27.6,1,20.63844,-24.48794,-3.61932,-3.8495,-45.12638,0.01492503362,0.01377671096,0.9401673994,0.2330535403,0.04405134252,0.27831266174,1,0,0.475770925110132,1,2190
366,0.5355,27.5,1,20.5267,-24.37205,-3.60825,-3.84535,-44.89875,0.01728104425,0.0159030865,0.93565201465,0.23522623465,0.04593921495,0.31178651145,1,0,0.480176211453745,1,2196
367,0.5362,27.4,1,20.41496,-24.25616,-3.59718,-3.8412,-44.67112,0.01963705488,0.01802946204,0.9311366299,0.237398929,0.04782708738,0.34526036116,1,0,0.484581497797357,1,2202
368,0.5369,27.3,1,20.30322,-24.14027,-3.58611,-3.83705,-44.44349,0.02199306551,0.02015583758,0.92662124515,0.23957162335,0.04971495981,0.37873421087,1,0,0.488986784140969,1,2208
369,0.5376,27.2,1,20.19148,-24.02438,-3.57504,-3.8329,-44.21586,0.02434907614,0.02228221312,0.9221058604,0.2417443177,0.05160283224,0.41220806058,1,0,0.493392070484582,1,2214
370,0.5383,27.1,1,20.07974,-23.90849,-3.56397,-3.82875,-43.98823,0.02670508677,0.02440858866,0.91759047565,0.24391701205,0.05349070467,0.44568191029,1,0,0.497797356828194,1,2220
371,0.539,27,1,19.968,-23.7926,-3.5529,-3.8246,-43.7606,0.0290610974,0.0265349642,0.9130750909,0.2460897064,0.0553785771,0.47915576,1,0,0.502202643171806,1,2226
372,0.5402,27,1,19.92395,-23.74767,-3.55597,-3.82372,-43.67162,0.02726295896,0.02494883704,0.91810304281,0.24525955354,0.05209051421,0.47868314408,1,0,0.506607929515419,1,2232
373,0.5414,27,1,19.8799,-23.70274,-3.55904,-3.82284,-43.58264,0.02546482052,0.02336270988,0.92313099472,0.24442940068,0.04880245132,0.47821052816,1,0,0.511013215859031,1,2238
374,0.5426,27,1,19.83585,-23.65781,-3.56211,-3.82196,-43.49366,0.02366668208,0.02177658272,0.92815894663,0.24359924782,0.04551438843,0.47773791224,1,0,0.515418502202643,1,2244
